month,property_type,region,metric,basis,value,unit,source_report,revised
2024-01,detached,仙台市,成約件数,mom_pct,-19.6,％,2025-01,False
2024-02,detached,仙台市,成約件数,mom_pct,24.4,％,2025-02,False
2024-03,detached,仙台市,成約件数,mom_pct,15.7,％,2025-03,False
2024-04,detached,仙台市,成約件数,mom_pct,-40.7,％,2025-03,False
2024-05,detached,仙台市,成約件数,mom_pct,-14.3,％,2025-03,False
2024-06,detached,仙台市,成約件数,mom_pct,63.3,％,2025-03,False
2024-07,detached,仙台市,成約件数,mom_pct,14.3,％,2025-03,False
2024-08,detached,仙台市,成約件数,mom_pct,-35.7,％,2025-03,False
2024-09,detached,仙台市,成約件数,mom_pct,16.7,％,2025-03,False
2024-10,detached,仙台市,成約件数,mom_pct,7.1,％,2025-03,False
2024-11,detached,仙台市,成約件数,mom_pct,-2.2,％,2025-03,False
2024-12,detached,仙台市,成約件数,mom_pct,-22.7,％,2025-03,False
2025-01,detached,仙台市,成約件数,mom_pct,-11.8,％,2025-03,False
2025-02,detached,仙台市,成約件数,mom_pct,56.7,％,2025-03,False
2025-03,detached,仙台市,成約件数,mom_pct,46.8,％,2025-03,False
2024-01,detached,仙台市,成約件数,value,41,件,2025-01,False
2024-02,detached,仙台市,成約件数,value,51,件,2025-02,False
2024-03,detached,仙台市,成約件数,value,59,件,2025-03,False
2024-04,detached,仙台市,成約件数,value,35,件,2025-04,False
2024-05,detached,仙台市,成約件数,value,30,件,2025-05,False
2024-06,detached,仙台市,成約件数,value,49,件,2025-06,False
2024-07,detached,仙台市,成約件数,value,56,件,2025-06,False
2024-08,detached,仙台市,成約件数,value,36,件,2025-06,False
2024-09,detached,仙台市,成約件数,value,42,件,2025-06,False
2024-10,detached,仙台市,成約件数,value,45,件,2025-06,False
2024-11,detached,仙台市,成約件数,value,44,件,2025-06,False
2024-12,detached,仙台市,成約件数,value,34,件,2025-06,False
2025-01,detached,仙台市,成約件数,value,30,件,2025-06,False
2025-02,detached,仙台市,成約件数,value,47,件,2025-06,False
2025-03,detached,仙台市,成約件数,value,69,件,2025-06,False
2025-04,detached,仙台市,成約件数,value,52,件,2025-06,False
2025-05,detached,仙台市,成約件数,value,59,件,2025-06,False
2025-06,detached,仙台市,成約件数,value,68,件,2025-06,False
2024-01,detached,仙台市,成約件数,yoy_pct,10.8,％,2025-01,False
2024-02,detached,仙台市,成約件数,yoy_pct,-1.9,％,2025-02,False
2024-03,detached,仙台市,成約件数,yoy_pct,22.9,％,2025-03,False
2024-04,detached,仙台市,成約件数,yoy_pct,-2.8,％,2025-04,False
2024-05,detached,仙台市,成約件数,yoy_pct,-34.8,％,2025-05,False
2024-06,detached,仙台市,成約件数,yoy_pct,36.1,％,2025-06,False
2024-07,detached,仙台市,成約件数,yoy_pct,43.6,％,2025-06,False
2024-08,detached,仙台市,成約件数,yoy_pct,12.5,％,2025-06,False
2024-09,detached,仙台市,成約件数,yoy_pct,5.0,％,2025-06,False
2024-10,detached,仙台市,成約件数,yoy_pct,25.0,％,2025-06,False
2024-11,detached,仙台市,成約件数,yoy_pct,22.2,％,2025-06,False
2024-12,detached,仙台市,成約件数,yoy_pct,-33.3,％,2025-06,False
2025-01,detached,仙台市,成約件数,yoy_pct,-26.8,％,2025-06,False
2025-02,detached,仙台市,成約件数,yoy_pct,-7.8,％,2025-06,False
2025-03,detached,仙台市,成約件数,yoy_pct,16.9,％,2025-06,False
2025-04,detached,仙台市,成約件数,yoy_pct,48.6,％,2025-06,False
2025-05,detached,仙台市,成約件数,yoy_pct,96.7,％,2025-06,False
2025-06,detached,仙台市,成約件数,yoy_pct,38.8,％,2025-06,False
2024-01,detached,仙台市,成約価格,mom_pct,-13.7,％,2025-01,False
2024-02,detached,仙台市,成約価格,mom_pct,4.0,％,2025-02,False
2024-03,detached,仙台市,成約価格,mom_pct,5.2,％,2025-03,False
2024-04,detached,仙台市,成約価格,mom_pct,-11.9,％,2025-04,False
2024-05,detached,仙台市,成約価格,mom_pct,4.7,％,2025-05,False
2024-06,detached,仙台市,成約価格,mom_pct,7.8,％,2025-06,False
2024-07,detached,仙台市,成約価格,mom_pct,-18.8,％,2025-06,False
2024-08,detached,仙台市,成約価格,mom_pct,17.3,％,2025-06,False
2024-09,detached,仙台市,成約価格,mom_pct,-17.5,％,2025-06,False
2024-10,detached,仙台市,成約価格,mom_pct,0.3,％,2025-06,False
2024-11,detached,仙台市,成約価格,mom_pct,-1.1,％,2025-06,False
2024-12,detached,仙台市,成約価格,mom_pct,18.2,％,2025-06,False
2025-01,detached,仙台市,成約価格,mom_pct,4.0,％,2025-06,False
2025-02,detached,仙台市,成約価格,mom_pct,-15.3,％,2025-06,False
2025-03,detached,仙台市,成約価格,mom_pct,15.2,％,2025-06,False
2025-04,detached,仙台市,成約価格,mom_pct,-8.8,％,2025-06,False
2025-05,detached,仙台市,成約価格,mom_pct,-3.4,％,2025-06,False
2025-06,detached,仙台市,成約価格,mom_pct,13.0,％,2025-06,False
2024-01,detached,仙台市,成約価格,value,2738,万円,2025-01,False
2024-02,detached,仙台市,成約価格,value,2848,万円,2025-02,False
2024-03,detached,仙台市,成約価格,value,2995,万円,2025-03,False
2024-04,detached,仙台市,成約価格,value,2639,万円,2025-04,False
2024-05,detached,仙台市,成約価格,value,2763,万円,2025-05,False
2024-06,detached,仙台市,成約価格,value,2979.0,万円,2025-06,False
2024-07,detached,仙台市,成約価格,value,2418.0,万円,2025-06,False
2024-08,detached,仙台市,成約価格,value,2837.0,万円,2025-06,False
2024-09,detached,仙台市,成約価格,value,2341.0,万円,2025-06,False
2024-10,detached,仙台市,成約価格,value,2348.0,万円,2025-06,False
2024-11,detached,仙台市,成約価格,value,2321.0,万円,2025-06,False
2024-12,detached,仙台市,成約価格,value,2743.0,万円,2025-06,False
2025-01,detached,仙台市,成約価格,value,2854.0,万円,2025-06,False
2025-02,detached,仙台市,成約価格,value,2417.0,万円,2025-06,False
2025-03,detached,仙台市,成約価格,value,2784.0,万円,2025-06,False
2025-04,detached,仙台市,成約価格,value,2540.0,万円,2025-06,False
2025-05,detached,仙台市,成約価格,value,2453.0,万円,2025-06,False
2025-06,detached,仙台市,成約価格,value,2772.0,万円,2025-06,False
2024-01,detached,仙台市,成約価格,yoy_pct,10.9,％,2025-01,False
2024-02,detached,仙台市,成約価格,yoy_pct,3.9,％,2025-02,False
2024-03,detached,仙台市,成約価格,yoy_pct,2.2,％,2025-03,False
2024-04,detached,仙台市,成約価格,yoy_pct,7.9,％,2025-04,False
2024-05,detached,仙台市,成約価格,yoy_pct,14.0,％,2025-05,False
2024-06,detached,仙台市,成約価格,yoy_pct,0.8,％,2025-06,False
2024-07,detached,仙台市,成約価格,yoy_pct,-20.2,％,2025-06,False
2024-08,detached,仙台市,成約価格,yoy_pct,-7.1,％,2025-06,False
2024-09,detached,仙台市,成約価格,yoy_pct,-21.7,％,2025-06,False
2024-10,detached,仙台市,成約価格,yoy_pct,-17.9,％,2025-06,False
2024-11,detached,仙台市,成約価格,yoy_pct,-34.5,％,2025-06,False
2024-12,detached,仙台市,成約価格,yoy_pct,-13.6,％,2025-06,False
2025-01,detached,仙台市,成約価格,yoy_pct,4.2,％,2025-06,False
2025-02,detached,仙台市,成約価格,yoy_pct,-15.1,％,2025-06,False
2025-03,detached,仙台市,成約価格,yoy_pct,-7.0,％,2025-06,False
2025-04,detached,仙台市,成約価格,yoy_pct,-3.7,％,2025-06,False
2025-05,detached,仙台市,成約価格,yoy_pct,-11.2,％,2025-06,False
2025-06,detached,仙台市,成約価格,yoy_pct,-7.0,％,2025-06,False
2024-04,detached,仙台市,成約土地面積,mom_pct,6.5,％,2025-04,False
2024-05,detached,仙台市,成約土地面積,mom_pct,8.2,％,2025-05,False
2024-06,detached,仙台市,成約土地面積,mom_pct,-19.8,％,2025-06,False
2024-07,detached,仙台市,成約土地面積,mom_pct,9.8,％,2025-06,False
2024-08,detached,仙台市,成約土地面積,mom_pct,7.5,％,2025-06,False
2024-09,detached,仙台市,成約土地面積,mom_pct,18.8,％,2025-06,False
2024-10,detached,仙台市,成約土地面積,mom_pct,-26.2,％,2025-06,False
2024-11,detached,仙台市,成約土地面積,mom_pct,1.5,％,2025-06,False
2024-12,detached,仙台市,成約土地面積,mom_pct,12.5,％,2025-06,False
2025-01,detached,仙台市,成約土地面積,mom_pct,-2.6,％,2025-06,False
2025-02,detached,仙台市,成約土地面積,mom_pct,-16.9,％,2025-06,False
2025-03,detached,仙台市,成約土地面積,mom_pct,11.2,％,2025-06,False
2025-04,detached,仙台市,成約土地面積,mom_pct,11.1,％,2025-06,False
2025-05,detached,仙台市,成約土地面積,mom_pct,-9.6,％,2025-06,False
2025-06,detached,仙台市,成約土地面積,mom_pct,-0.7,％,2025-06,False
2024-04,detached,仙台市,成約土地面積,value,238.81,㎡,2025-04,False
2024-05,detached,仙台市,成約土地面積,value,258.51,㎡,2025-05,False
2024-06,detached,仙台市,成約土地面積,value,207.28,㎡,2025-06,False
2024-07,detached,仙台市,成約土地面積,value,227.67,㎡,2025-06,False
2024-08,detached,仙台市,成約土地面積,value,244.82,㎡,2025-06,False
2024-09,detached,仙台市,成約土地面積,value,290.77,㎡,2025-06,False
2024-10,detached,仙台市,成約土地面積,value,214.7,㎡,2025-06,False
2024-11,detached,仙台市,成約土地面積,value,217.86,㎡,2025-06,False
2024-12,detached,仙台市,成約土地面積,value,245.09,㎡,2025-06,False
2025-01,detached,仙台市,成約土地面積,value,238.65,㎡,2025-06,False
2025-02,detached,仙台市,成約土地面積,value,198.27,㎡,2025-06,False
2025-03,detached,仙台市,成約土地面積,value,220.44,㎡,2025-06,False
2025-04,detached,仙台市,成約土地面積,value,244.87,㎡,2025-06,False
2025-05,detached,仙台市,成約土地面積,value,221.26,㎡,2025-06,False
2025-06,detached,仙台市,成約土地面積,value,219.8,㎡,2025-06,False
2024-04,detached,仙台市,成約土地面積,yoy_pct,7.7,％,2025-04,False
2024-05,detached,仙台市,成約土地面積,yoy_pct,14.4,％,2025-05,False
2024-06,detached,仙台市,成約土地面積,yoy_pct,-0.6,％,2025-06,False
2024-07,detached,仙台市,成約土地面積,yoy_pct,3.2,％,2025-06,False
2024-08,detached,仙台市,成約土地面積,yoy_pct,-0.7,％,2025-06,False
2024-09,detached,仙台市,成約土地面積,yoy_pct,29.3,％,2025-06,False
2024-10,detached,仙台市,成約土地面積,yoy_pct,2.9,％,2025-06,False
2024-11,detached,仙台市,成約土地面積,yoy_pct,5.9,％,2025-06,False
2024-12,detached,仙台市,成約土地面積,yoy_pct,6.4,％,2025-06,False
2025-01,detached,仙台市,成約土地面積,yoy_pct,-10.8,％,2025-06,False
2025-02,detached,仙台市,成約土地面積,yoy_pct,-4.7,％,2025-06,False
2025-03,detached,仙台市,成約土地面積,yoy_pct,-1.7,％,2025-06,False
2025-04,detached,仙台市,成約土地面積,yoy_pct,2.5,％,2025-06,False
2025-05,detached,仙台市,成約土地面積,yoy_pct,-14.4,％,2025-06,False
2025-06,detached,仙台市,成約土地面積,yoy_pct,6.0,％,2025-06,False
2024-04,detached,仙台市,成約建物面積,mom_pct,1.1,％,2025-04,False
2024-05,detached,仙台市,成約建物面積,mom_pct,7.8,％,2025-05,False
2024-06,detached,仙台市,成約建物面積,mom_pct,-15.2,％,2025-06,False
2024-07,detached,仙台市,成約建物面積,mom_pct,11.0,％,2025-06,False
2024-08,detached,仙台市,成約建物面積,mom_pct,-8.7,％,2025-06,False
2024-09,detached,仙台市,成約建物面積,mom_pct,5.7,％,2025-06,False
2024-10,detached,仙台市,成約建物面積,mom_pct,-3.8,％,2025-06,False
2024-11,detached,仙台市,成約建物面積,mom_pct,2.1,％,2025-06,False
2024-12,detached,仙台市,成約建物面積,mom_pct,1.5,％,2025-06,False
2025-01,detached,仙台市,成約建物面積,mom_pct,-1.7,％,2025-06,False
2025-02,detached,仙台市,成約建物面積,mom_pct,-2.9,％,2025-06,False
2025-03,detached,仙台市,成約建物面積,mom_pct,2.0,％,2025-06,False
2025-04,detached,仙台市,成約建物面積,mom_pct,-1.8,％,2025-06,False
2025-05,detached,仙台市,成約建物面積,mom_pct,0.2,％,2025-06,False
2025-06,detached,仙台市,成約建物面積,mom_pct,-0.8,％,2025-06,False
2024-04,detached,仙台市,成約建物面積,value,125.58,㎡,2025-04,False
2024-05,detached,仙台市,成約建物面積,value,135.4,㎡,2025-05,False
2024-06,detached,仙台市,成約建物面積,value,114.79,㎡,2025-06,False
2024-07,detached,仙台市,成約建物面積,value,127.4,㎡,2025-06,False
2024-08,detached,仙台市,成約建物面積,value,116.29,㎡,2025-06,False
2024-09,detached,仙台市,成約建物面積,value,122.91,㎡,2025-06,False
2024-10,detached,仙台市,成約建物面積,value,118.25,㎡,2025-06,False
2024-11,detached,仙台市,成約建物面積,value,120.74,㎡,2025-06,False
2024-12,detached,仙台市,成約建物面積,value,122.57,㎡,2025-06,False
2025-01,detached,仙台市,成約建物面積,value,120.45,㎡,2025-06,False
2025-02,detached,仙台市,成約建物面積,value,116.92,㎡,2025-06,False
2025-03,detached,仙台市,成約建物面積,value,119.22,㎡,2025-06,False
2025-04,detached,仙台市,成約建物面積,value,117.06,㎡,2025-06,False
2025-05,detached,仙台市,成約建物面積,value,117.25,㎡,2025-06,False
2025-06,detached,仙台市,成約建物面積,value,116.27,㎡,2025-06,False
2024-04,detached,仙台市,成約建物面積,yoy_pct,7.9,％,2025-04,False
2024-05,detached,仙台市,成約建物面積,yoy_pct,11.1,％,2025-05,False
2024-06,detached,仙台市,成約建物面積,yoy_pct,-2.6,％,2025-06,False
2024-07,detached,仙台市,成約建物面積,yoy_pct,1.7,％,2025-06,False
2024-08,detached,仙台市,成約建物面積,yoy_pct,-2.8,％,2025-06,False
2024-09,detached,仙台市,成約建物面積,yoy_pct,-2.9,％,2025-06,False
2024-10,detached,仙台市,成約建物面積,yoy_pct,1.6,％,2025-06,False
2024-11,detached,仙台市,成約建物面積,yoy_pct,1.4,％,2025-06,False
2024-12,detached,仙台市,成約建物面積,yoy_pct,-4.5,％,2025-06,False
2025-01,detached,仙台市,成約建物面積,yoy_pct,-7.8,％,2025-06,False
2025-02,detached,仙台市,成約建物面積,yoy_pct,-1.9,％,2025-06,False
2025-03,detached,仙台市,成約建物面積,yoy_pct,-4.0,％,2025-06,False
2025-04,detached,仙台市,成約建物面積,yoy_pct,-6.8,％,2025-06,False
2025-05,detached,仙台市,成約建物面積,yoy_pct,-13.4,％,2025-06,False
2025-06,detached,仙台市,成約建物面積,yoy_pct,1.3,％,2025-06,False
2024-04,detached,仙台市,成約築年数,value,22.17,年,2025-04,False
2024-05,detached,仙台市,成約築年数,value,23.49,年,2025-05,False
2024-06,detached,仙台市,成約築年数,value,21.69,年,2025-06,False
2024-07,detached,仙台市,成約築年数,value,27.62,年,2025-06,False
2024-08,detached,仙台市,成約築年数,value,19.92,年,2025-06,False
2024-09,detached,仙台市,成約築年数,value,26.08,年,2025-06,False
2024-10,detached,仙台市,成約築年数,value,26.19,年,2025-06,False
2024-11,detached,仙台市,成約築年数,value,23.69,年,2025-06,False
2024-12,detached,仙台市,成約築年数,value,24.73,年,2025-06,False
2025-01,detached,仙台市,成約築年数,value,22.62,年,2025-06,False
2025-02,detached,仙台市,成約築年数,value,27.38,年,2025-06,False
2025-03,detached,仙台市,成約築年数,value,24.64,年,2025-06,False
2025-04,detached,仙台市,成約築年数,value,24.03,年,2025-06,False
2025-05,detached,仙台市,成約築年数,value,25.9,年,2025-06,False
2025-06,detached,仙台市,成約築年数,value,24.8,年,2025-06,False
2024-01,detached,千葉県,成約件数,mom_pct,-13.3,％,2025-01,False
2024-02,detached,千葉県,成約件数,mom_pct,6.3,％,2025-02,False
2024-03,detached,千葉県,成約件数,mom_pct,23.7,％,2025-03,False
2024-04,detached,千葉県,成約件数,mom_pct,-15.4,％,2025-03,False
2024-05,detached,千葉県,成約件数,mom_pct,-8.9,％,2025-03,False
2024-06,detached,千葉県,成約件数,mom_pct,22.2,％,2025-03,False
2024-07,detached,千葉県,成約件数,mom_pct,-9.1,％,2025-03,False
2024-08,detached,千葉県,成約件数,mom_pct,-7.2,％,2025-03,False
2024-09,detached,千葉県,成約件数,mom_pct,17.7,％,2025-03,False
2024-10,detached,千葉県,成約件数,mom_pct,1.8,％,2025-03,False
2024-11,detached,千葉県,成約件数,mom_pct,-7.2,％,2025-03,False
2024-12,detached,千葉県,成約件数,mom_pct,-10.9,％,2025-03,False
2025-01,detached,千葉県,成約件数,mom_pct,15.2,％,2025-03,False
2025-02,detached,千葉県,成約件数,mom_pct,37.7,％,2025-03,False
2025-03,detached,千葉県,成約件数,mom_pct,15.9,％,2025-03,False
2024-01,detached,千葉県,成約件数,value,222,件,2025-01,False
2024-02,detached,千葉県,成約件数,value,236,件,2025-02,False
2024-03,detached,千葉県,成約件数,value,292,件,2025-03,False
2024-04,detached,千葉県,成約件数,value,247,件,2025-04,False
2024-05,detached,千葉県,成約件数,value,225,件,2025-05,False
2024-06,detached,千葉県,成約件数,value,275,件,2025-06,False
2024-07,detached,千葉県,成約件数,value,250,件,2025-06,False
2024-08,detached,千葉県,成約件数,value,232,件,2025-06,False
2024-09,detached,千葉県,成約件数,value,273,件,2025-06,False
2024-10,detached,千葉県,成約件数,value,278,件,2025-06,False
2024-11,detached,千葉県,成約件数,value,258,件,2025-06,False
2024-12,detached,千葉県,成約件数,value,230,件,2025-06,False
2025-01,detached,千葉県,成約件数,value,265,件,2025-06,False
2025-02,detached,千葉県,成約件数,value,365,件,2025-06,False
2025-03,detached,千葉県,成約件数,value,423,件,2025-06,False
2025-04,detached,千葉県,成約件数,value,361,件,2025-06,False
2025-05,detached,千葉県,成約件数,value,369,件,2025-06,False
2025-06,detached,千葉県,成約件数,value,386,件,2025-06,False
2024-01,detached,千葉県,成約件数,yoy_pct,5.7,％,2025-01,False
2024-02,detached,千葉県,成約件数,yoy_pct,5.8,％,2025-02,False
2024-03,detached,千葉県,成約件数,yoy_pct,17.7,％,2025-03,False
2024-04,detached,千葉県,成約件数,yoy_pct,13.3,％,2025-04,False
2024-05,detached,千葉県,成約件数,yoy_pct,-1.3,％,2025-05,False
2024-06,detached,千葉県,成約件数,yoy_pct,8.7,％,2025-06,False
2024-07,detached,千葉県,成約件数,yoy_pct,3.7,％,2025-06,False
2024-08,detached,千葉県,成約件数,yoy_pct,28.2,％,2025-06,False
2024-09,detached,千葉県,成約件数,yoy_pct,21.3,％,2025-06,False
2024-10,detached,千葉県,成約件数,yoy_pct,15.8,％,2025-06,False
2024-11,detached,千葉県,成約件数,yoy_pct,17.8,％,2025-06,False
2024-12,detached,千葉県,成約件数,yoy_pct,-10.2,％,2025-06,False
2025-01,detached,千葉県,成約件数,yoy_pct,19.4,％,2025-06,False
2025-02,detached,千葉県,成約件数,yoy_pct,54.7,％,2025-06,False
2025-03,detached,千葉県,成約件数,yoy_pct,44.9,％,2025-06,False
2025-04,detached,千葉県,成約件数,yoy_pct,46.2,％,2025-06,False
2025-05,detached,千葉県,成約件数,yoy_pct,64.0,％,2025-06,False
2025-06,detached,千葉県,成約件数,yoy_pct,40.4,％,2025-06,False
2024-01,detached,千葉県,成約価格,mom_pct,-13.8,％,2025-01,False
2024-02,detached,千葉県,成約価格,mom_pct,1.9,％,2025-02,False
2024-03,detached,千葉県,成約価格,mom_pct,7.5,％,2025-03,False
2024-04,detached,千葉県,成約価格,mom_pct,-6.1,％,2025-04,False
2024-05,detached,千葉県,成約価格,mom_pct,3.7,％,2025-05,False
2024-06,detached,千葉県,成約価格,mom_pct,2.0,％,2025-06,False
2024-07,detached,千葉県,成約価格,mom_pct,4.8,％,2025-06,False
2024-08,detached,千葉県,成約価格,mom_pct,-8.6,％,2025-06,False
2024-09,detached,千葉県,成約価格,mom_pct,-0.8,％,2025-06,False
2024-10,detached,千葉県,成約価格,mom_pct,3.8,％,2025-06,False
2024-11,detached,千葉県,成約価格,mom_pct,1.4,％,2025-06,False
2024-12,detached,千葉県,成約価格,mom_pct,2.1,％,2025-06,False
2025-01,detached,千葉県,成約価格,mom_pct,-11.2,％,2025-06,False
2025-02,detached,千葉県,成約価格,mom_pct,5.7,％,2025-06,False
2025-03,detached,千葉県,成約価格,mom_pct,-2.8,％,2025-06,False
2025-04,detached,千葉県,成約価格,mom_pct,-2.5,％,2025-06,False
2025-05,detached,千葉県,成約価格,mom_pct,4.5,％,2025-06,False
2025-06,detached,千葉県,成約価格,mom_pct,0.8,％,2025-06,False
2024-01,detached,千葉県,成約価格,value,2429,万円,2025-01,False
2024-02,detached,千葉県,成約価格,value,2474,万円,2025-02,False
2024-03,detached,千葉県,成約価格,value,2659,万円,2025-03,False
2024-04,detached,千葉県,成約価格,value,2496,万円,2025-04,False
2024-05,detached,千葉県,成約価格,value,2589,万円,2025-05,False
2024-06,detached,千葉県,成約価格,value,2640,万円,2025-06,False
2024-07,detached,千葉県,成約価格,value,2766,万円,2025-06,False
2024-08,detached,千葉県,成約価格,value,2527,万円,2025-06,False
2024-09,detached,千葉県,成約価格,value,2507,万円,2025-06,False
2024-10,detached,千葉県,成約価格,value,2601,万円,2025-06,False
2024-11,detached,千葉県,成約価格,value,2638,万円,2025-06,False
2024-12,detached,千葉県,成約価格,value,2693,万円,2025-06,False
2025-01,detached,千葉県,成約価格,value,2391,万円,2025-06,False
2025-02,detached,千葉県,成約価格,value,2526,万円,2025-06,False
2025-03,detached,千葉県,成約価格,value,2456,万円,2025-06,False
2025-04,detached,千葉県,成約価格,value,2395,万円,2025-06,False
2025-05,detached,千葉県,成約価格,value,2502,万円,2025-06,False
2025-06,detached,千葉県,成約価格,value,2521,万円,2025-06,False
2024-01,detached,千葉県,成約価格,yoy_pct,-3.9,％,2025-01,False
2024-02,detached,千葉県,成約価格,yoy_pct,-2.8,％,2025-02,False
2024-03,detached,千葉県,成約価格,yoy_pct,7.4,％,2025-03,False
2024-04,detached,千葉県,成約価格,yoy_pct,-0.7,％,2025-04,False
2024-05,detached,千葉県,成約価格,yoy_pct,9.0,％,2025-05,False
2024-06,detached,千葉県,成約価格,yoy_pct,6.9,％,2025-06,False
2024-07,detached,千葉県,成約価格,yoy_pct,15.4,％,2025-06,False
2024-08,detached,千葉県,成約価格,yoy_pct,-3.1,％,2025-06,False
2024-09,detached,千葉県,成約価格,yoy_pct,-4.2,％,2025-06,False
2024-10,detached,千葉県,成約価格,yoy_pct,1.7,％,2025-06,False
2024-11,detached,千葉県,成約価格,yoy_pct,-0.2,％,2025-06,False
2024-12,detached,千葉県,成約価格,yoy_pct,-4.4,％,2025-06,False
2025-01,detached,千葉県,成約価格,yoy_pct,-1.6,％,2025-06,False
2025-02,detached,千葉県,成約価格,yoy_pct,2.1,％,2025-06,False
2025-03,detached,千葉県,成約価格,yoy_pct,-7.6,％,2025-06,False
2025-04,detached,千葉県,成約価格,yoy_pct,-4.1,％,2025-06,False
2025-05,detached,千葉県,成約価格,yoy_pct,-3.3,％,2025-06,False
2025-06,detached,千葉県,成約価格,yoy_pct,-4.5,％,2025-06,False
2025-04,detached,千葉県,成約土地面積,value,209.03,㎡,2025-04,False
2025-05,detached,千葉県,成約土地面積,value,207.69,㎡,2025-05,False
2025-06,detached,千葉県,成約土地面積,value,194.97,㎡,2025-06,False
2025-04,detached,千葉県,成約土地面積,yoy_pct,8.0,％,2025-04,False
2025-05,detached,千葉県,成約土地面積,yoy_pct,12.5,％,2025-05,False
2025-06,detached,千葉県,成約土地面積,yoy_pct,-3.9,％,2025-06,False
2025-04,detached,千葉県,成約建物面積,value,104.88,㎡,2025-04,False
2025-05,detached,千葉県,成約建物面積,value,110.04,㎡,2025-05,False
2025-06,detached,千葉県,成約建物面積,value,108.96,㎡,2025-06,False
2025-04,detached,千葉県,成約建物面積,yoy_pct,-1.9,％,2025-04,False
2025-05,detached,千葉県,成約建物面積,yoy_pct,2.3,％,2025-05,False
2025-06,detached,千葉県,成約建物面積,yoy_pct,-0.4,％,2025-06,False
2025-04,detached,千葉県,成約築年数,value,26.75,年,2025-04,False
2025-05,detached,千葉県,成約築年数,value,24.92,年,2025-05,False
2025-06,detached,千葉県,成約築年数,value,25.2,年,2025-06,False
2024-01,detached,埼玉県,成約件数,mom_pct,-10.4,％,2025-01,False
2024-02,detached,埼玉県,成約件数,mom_pct,30.8,％,2025-02,False
2024-03,detached,埼玉県,成約件数,mom_pct,8.9,％,2025-03,False
2024-04,detached,埼玉県,成約件数,mom_pct,-12.8,％,2025-03,False
2024-05,detached,埼玉県,成約件数,mom_pct,-8.5,％,2025-03,False
2024-06,detached,埼玉県,成約件数,mom_pct,14.2,％,2025-03,False
2024-07,detached,埼玉県,成約件数,mom_pct,1.2,％,2025-03,False
2024-08,detached,埼玉県,成約件数,mom_pct,-19.2,％,2025-03,False
2024-09,detached,埼玉県,成約件数,mom_pct,18.1,％,2025-03,False
2024-10,detached,埼玉県,成約件数,mom_pct,-4.8,％,2025-03,False
2024-11,detached,埼玉県,成約件数,mom_pct,19.9,％,2025-03,False
2024-12,detached,埼玉県,成約件数,mom_pct,-17.3,％,2025-03,False
2025-01,detached,埼玉県,成約件数,mom_pct,15.0,％,2025-03,False
2025-02,detached,埼玉県,成約件数,mom_pct,20.8,％,2025-03,False
2025-03,detached,埼玉県,成約件数,mom_pct,49.5,％,2025-03,False
2024-01,detached,埼玉県,成約件数,value,198,件,2025-01,False
2024-02,detached,埼玉県,成約件数,value,259,件,2025-02,False
2024-03,detached,埼玉県,成約件数,value,282,件,2025-03,False
2024-04,detached,埼玉県,成約件数,value,246,件,2025-04,False
2024-05,detached,埼玉県,成約件数,value,225,件,2025-05,False
2024-06,detached,埼玉県,成約件数,value,257,件,2025-06,False
2024-07,detached,埼玉県,成約件数,value,260,件,2025-06,False
2024-08,detached,埼玉県,成約件数,value,210,件,2025-06,False
2024-09,detached,埼玉県,成約件数,value,248,件,2025-06,False
2024-10,detached,埼玉県,成約件数,value,236,件,2025-06,False
2024-11,detached,埼玉県,成約件数,value,283,件,2025-06,False
2024-12,detached,埼玉県,成約件数,value,234,件,2025-06,False
2025-01,detached,埼玉県,成約件数,value,269,件,2025-06,False
2025-02,detached,埼玉県,成約件数,value,325,件,2025-06,False
2025-03,detached,埼玉県,成約件数,value,486,件,2025-06,False
2025-04,detached,埼玉県,成約件数,value,403,件,2025-06,False
2025-05,detached,埼玉県,成約件数,value,407,件,2025-06,False
2025-06,detached,埼玉県,成約件数,value,446,件,2025-06,False
2024-01,detached,埼玉県,成約件数,yoy_pct,-1.0,％,2025-01,False
2024-02,detached,埼玉県,成約件数,yoy_pct,14.1,％,2025-02,False
2024-03,detached,埼玉県,成約件数,yoy_pct,12.4,％,2025-03,False
2024-04,detached,埼玉県,成約件数,yoy_pct,16.0,％,2025-04,False
2024-05,detached,埼玉県,成約件数,yoy_pct,-3.4,％,2025-05,False
2024-06,detached,埼玉県,成約件数,yoy_pct,10.8,％,2025-06,False
2024-07,detached,埼玉県,成約件数,yoy_pct,13.0,％,2025-06,False
2024-08,detached,埼玉県,成約件数,yoy_pct,5.0,％,2025-06,False
2024-09,detached,埼玉県,成約件数,yoy_pct,7.8,％,2025-06,False
2024-10,detached,埼玉県,成約件数,yoy_pct,-2.9,％,2025-06,False
2024-11,detached,埼玉県,成約件数,yoy_pct,29.8,％,2025-06,False
2024-12,detached,埼玉県,成約件数,yoy_pct,5.9,％,2025-06,False
2025-01,detached,埼玉県,成約件数,yoy_pct,35.9,％,2025-06,False
2025-02,detached,埼玉県,成約件数,yoy_pct,25.5,％,2025-06,False
2025-03,detached,埼玉県,成約件数,yoy_pct,72.3,％,2025-06,False
2025-04,detached,埼玉県,成約件数,yoy_pct,63.8,％,2025-06,False
2025-05,detached,埼玉県,成約件数,yoy_pct,80.9,％,2025-06,False
2025-06,detached,埼玉県,成約件数,yoy_pct,73.5,％,2025-06,False
2024-01,detached,埼玉県,成約価格,mom_pct,-4.6,％,2025-01,False
2024-02,detached,埼玉県,成約価格,mom_pct,-4.9,％,2025-02,False
2024-03,detached,埼玉県,成約価格,mom_pct,2.4,％,2025-03,False
2024-04,detached,埼玉県,成約価格,mom_pct,-7.3,％,2025-04,False
2024-05,detached,埼玉県,成約価格,mom_pct,10.2,％,2025-05,False
2024-06,detached,埼玉県,成約価格,mom_pct,-14.9,％,2025-06,False
2024-07,detached,埼玉県,成約価格,mom_pct,14.3,％,2025-06,False
2024-08,detached,埼玉県,成約価格,mom_pct,-6.3,％,2025-06,False
2024-09,detached,埼玉県,成約価格,mom_pct,4.0,％,2025-06,False
2024-10,detached,埼玉県,成約価格,mom_pct,-4.3,％,2025-06,False
2024-11,detached,埼玉県,成約価格,mom_pct,-2.9,％,2025-06,False
2024-12,detached,埼玉県,成約価格,mom_pct,5.4,％,2025-06,False
2025-01,detached,埼玉県,成約価格,mom_pct,0.04,％,2025-06,True
2025-02,detached,埼玉県,成約価格,mom_pct,-4.2,％,2025-06,False
2025-03,detached,埼玉県,成約価格,mom_pct,3.5,％,2025-06,False
2025-04,detached,埼玉県,成約価格,mom_pct,-6.7,％,2025-06,False
2025-05,detached,埼玉県,成約価格,mom_pct,11.0,％,2025-06,False
2025-06,detached,埼玉県,成約価格,mom_pct,-3.5,％,2025-06,False
2024-01,detached,埼玉県,成約価格,value,2711,万円,2025-01,False
2024-02,detached,埼玉県,成約価格,value,2578,万円,2025-02,False
2024-03,detached,埼玉県,成約価格,value,2639,万円,2025-03,False
2024-04,detached,埼玉県,成約価格,value,2446,万円,2025-04,False
2024-05,detached,埼玉県,成約価格,value,2694,万円,2025-05,False
2024-06,detached,埼玉県,成約価格,value,2292,万円,2025-06,False
2024-07,detached,埼玉県,成約価格,value,2621,万円,2025-06,False
2024-08,detached,埼玉県,成約価格,value,2454,万円,2025-06,False
2024-09,detached,埼玉県,成約価格,value,2553,万円,2025-06,False
2024-10,detached,埼玉県,成約価格,value,2444,万円,2025-06,False
2024-11,detached,埼玉県,成約価格,value,2374,万円,2025-06,False
2024-12,detached,埼玉県,成約価格,value,2502,万円,2025-06,False
2025-01,detached,埼玉県,成約価格,value,2503,万円,2025-06,False
2025-02,detached,埼玉県,成約価格,value,2399,万円,2025-06,False
2025-03,detached,埼玉県,成約価格,value,2483,万円,2025-06,False
2025-04,detached,埼玉県,成約価格,value,2315,万円,2025-06,False
2025-05,detached,埼玉県,成約価格,value,2569,万円,2025-06,False
2025-06,detached,埼玉県,成約価格,value,2480,万円,2025-06,False
2024-01,detached,埼玉県,成約価格,yoy_pct,5.2,％,2025-01,False
2024-02,detached,埼玉県,成約価格,yoy_pct,-3.5,％,2025-02,False
2024-03,detached,埼玉県,成約価格,yoy_pct,-1.7,％,2025-03,False
2024-04,detached,埼玉県,成約価格,yoy_pct,-2.6,％,2025-04,False
2024-05,detached,埼玉県,成約価格,yoy_pct,1.3,％,2025-05,False
2024-06,detached,埼玉県,成約価格,yoy_pct,-10.4,％,2025-06,False
2024-07,detached,埼玉県,成約価格,yoy_pct,-3.5,％,2025-06,False
2024-08,detached,埼玉県,成約価格,yoy_pct,-6.2,％,2025-06,False
2024-09,detached,埼玉県,成約価格,yoy_pct,1.2,％,2025-06,False
2024-10,detached,埼玉県,成約価格,yoy_pct,0.1,％,2025-06,False
2024-11,detached,埼玉県,成約価格,yoy_pct,-4.4,％,2025-06,False
2024-12,detached,埼玉県,成約価格,yoy_pct,-12.0,％,2025-06,False
2025-01,detached,埼玉県,成約価格,yoy_pct,-7.7,％,2025-06,False
2025-02,detached,埼玉県,成約価格,yoy_pct,-6.9,％,2025-06,False
2025-03,detached,埼玉県,成約価格,yoy_pct,-5.9,％,2025-06,False
2025-04,detached,埼玉県,成約価格,yoy_pct,-5.3,％,2025-06,False
2025-05,detached,埼玉県,成約価格,yoy_pct,-4.7,％,2025-06,False
2025-06,detached,埼玉県,成約価格,yoy_pct,8.2,％,2025-06,False
2025-04,detached,埼玉県,成約土地面積,value,151.41,㎡,2025-04,False
2025-05,detached,埼玉県,成約土地面積,value,145.66,㎡,2025-05,False
2025-06,detached,埼玉県,成約土地面積,value,144.68,㎡,2025-06,False
2025-04,detached,埼玉県,成約土地面積,yoy_pct,-8.2,％,2025-04,False
2025-05,detached,埼玉県,成約土地面積,yoy_pct,-1.8,％,2025-05,False
2025-06,detached,埼玉県,成約土地面積,yoy_pct,-9.6,％,2025-06,False
2025-04,detached,埼玉県,成約建物面積,value,101.05,㎡,2025-04,False
2025-05,detached,埼玉県,成約建物面積,value,103.12,㎡,2025-05,False
2025-06,detached,埼玉県,成約建物面積,value,102.87,㎡,2025-06,False
2025-04,detached,埼玉県,成約建物面積,yoy_pct,-1.4,％,2025-04,False
2025-05,detached,埼玉県,成約建物面積,yoy_pct,-1.0,％,2025-05,False
2025-06,detached,埼玉県,成約建物面積,yoy_pct,1.1,％,2025-06,False
2025-04,detached,埼玉県,成約築年数,value,25.33,年,2025-04,False
2025-05,detached,埼玉県,成約築年数,value,23.24,年,2025-05,False
2025-06,detached,埼玉県,成約築年数,value,23.13,年,2025-06,False
2024-01,detached,札幌市,成約件数,mom_pct,-31.1,％,2025-01,False
2024-02,detached,札幌市,成約件数,mom_pct,20.4,％,2025-02,False
2024-03,detached,札幌市,成約件数,mom_pct,-2.7,％,2025-03,False
2024-04,detached,札幌市,成約件数,mom_pct,0.9,％,2025-03,False
2024-05,detached,札幌市,成約件数,mom_pct,5.5,％,2025-03,False
2024-06,detached,札幌市,成約件数,mom_pct,28.4,％,2025-03,False
2024-07,detached,札幌市,成約件数,mom_pct,-9.4,％,2025-03,False
2024-08,detached,札幌市,成約件数,mom_pct,-5.2,％,2025-03,False
2024-09,detached,札幌市,成約件数,mom_pct,13.3,％,2025-03,False
2024-10,detached,札幌市,成約件数,mom_pct,-4.1,％,2025-03,False
2024-11,detached,札幌市,成約件数,mom_pct,-0.7,％,2025-03,False
2024-12,detached,札幌市,成約件数,mom_pct,-11.6,％,2025-03,False
2025-01,detached,札幌市,成約件数,mom_pct,-8.2,％,2025-03,False
2025-02,detached,札幌市,成約件数,mom_pct,11.6,％,2025-03,False
2025-03,detached,札幌市,成約件数,mom_pct,2.4,％,2025-03,False
2024-01,detached,札幌市,成約件数,value,93,件,2025-01,False
2024-02,detached,札幌市,成約件数,value,112,件,2025-02,False
2024-03,detached,札幌市,成約件数,value,109,件,2025-03,False
2024-04,detached,札幌市,成約件数,value,110,件,2025-04,False
2024-05,detached,札幌市,成約件数,value,116,件,2025-05,False
2024-06,detached,札幌市,成約件数,value,149,件,2025-06,False
2024-07,detached,札幌市,成約件数,value,135,件,2025-06,False
2024-08,detached,札幌市,成約件数,value,128,件,2025-06,False
2024-09,detached,札幌市,成約件数,value,145,件,2025-06,False
2024-10,detached,札幌市,成約件数,value,139,件,2025-06,False
2024-11,detached,札幌市,成約件数,value,138,件,2025-06,False
2024-12,detached,札幌市,成約件数,value,122,件,2025-06,False
2025-01,detached,札幌市,成約件数,value,112,件,2025-06,False
2025-02,detached,札幌市,成約件数,value,125,件,2025-06,False
2025-03,detached,札幌市,成約件数,value,128,件,2025-06,False
2025-04,detached,札幌市,成約件数,value,119,件,2025-06,False
2025-05,detached,札幌市,成約件数,value,141,件,2025-06,False
2025-06,detached,札幌市,成約件数,value,149,件,2025-06,False
2024-01,detached,札幌市,成約件数,yoy_pct,38.8,％,2025-01,False
2024-02,detached,札幌市,成約件数,yoy_pct,33.3,％,2025-02,False
2024-03,detached,札幌市,成約件数,yoy_pct,17.2,％,2025-03,False
2024-04,detached,札幌市,成約件数,yoy_pct,8.9,％,2025-04,False
2024-05,detached,札幌市,成約件数,yoy_pct,10.5,％,2025-05,False
2024-06,detached,札幌市,成約件数,yoy_pct,28.4,％,2025-06,False
2024-07,detached,札幌市,成約件数,yoy_pct,8.0,％,2025-06,False
2024-08,detached,札幌市,成約件数,yoy_pct,58.0,％,2025-06,False
2024-09,detached,札幌市,成約件数,yoy_pct,5.8,％,2025-06,False
2024-10,detached,札幌市,成約件数,yoy_pct,3.0,％,2025-06,False
2024-11,detached,札幌市,成約件数,yoy_pct,9.5,％,2025-06,False
2024-12,detached,札幌市,成約件数,yoy_pct,-9.6,％,2025-06,False
2025-01,detached,札幌市,成約件数,yoy_pct,20.4,％,2025-06,False
2025-02,detached,札幌市,成約件数,yoy_pct,11.6,％,2025-06,False
2025-03,detached,札幌市,成約件数,yoy_pct,17.4,％,2025-06,False
2025-04,detached,札幌市,成約件数,yoy_pct,8.2,％,2025-06,False
2025-05,detached,札幌市,成約件数,yoy_pct,21.6,％,2025-06,False
2025-06,detached,札幌市,成約件数,yoy_pct,0.0,％,2025-06,False
2024-01,detached,札幌市,成約価格,mom_pct,2.2,％,2025-01,False
2024-02,detached,札幌市,成約価格,mom_pct,-8.8,％,2025-02,False
2024-03,detached,札幌市,成約価格,mom_pct,3.9,％,2025-03,False
2024-04,detached,札幌市,成約価格,mom_pct,-7.8,％,2025-04,False
2024-05,detached,札幌市,成約価格,mom_pct,16.6,％,2025-05,False
2024-06,detached,札幌市,成約価格,mom_pct,-8.7,％,2025-06,False
2024-07,detached,札幌市,成約価格,mom_pct,0.4,％,2025-06,False
2024-08,detached,札幌市,成約価格,mom_pct,-5.4,％,2025-06,False
2024-09,detached,札幌市,成約価格,mom_pct,-3.0,％,2025-06,False
2024-10,detached,札幌市,成約価格,mom_pct,1.0,％,2025-06,False
2024-11,detached,札幌市,成約価格,mom_pct,10.2,％,2025-06,False
2024-12,detached,札幌市,成約価格,mom_pct,-5.9,％,2025-06,False
2025-01,detached,札幌市,成約価格,mom_pct,-1.5,％,2025-06,False
2025-02,detached,札幌市,成約価格,mom_pct,5.9,％,2025-06,False
2025-03,detached,札幌市,成約価格,mom_pct,0.2,％,2025-06,False
2025-04,detached,札幌市,成約価格,mom_pct,-1.8,％,2025-06,False
2025-05,detached,札幌市,成約価格,mom_pct,7.7,％,2025-06,False
2025-06,detached,札幌市,成約価格,mom_pct,-10.4,％,2025-06,False
2024-01,detached,札幌市,成約価格,value,2677,万円,2025-01,False
2024-02,detached,札幌市,成約価格,value,2440,万円,2025-02,False
2024-03,detached,札幌市,成約価格,value,2536,万円,2025-03,False
2024-04,detached,札幌市,成約価格,value,2338,万円,2025-04,False
2024-05,detached,札幌市,成約価格,value,2727,万円,2025-05,False
2024-06,detached,札幌市,成約価格,value,2490.0,万円,2025-06,False
2024-07,detached,札幌市,成約価格,value,2500.0,万円,2025-06,False
2024-08,detached,札幌市,成約価格,value,2366.0,万円,2025-06,False
2024-09,detached,札幌市,成約価格,value,2296.0,万円,2025-06,False
2024-10,detached,札幌市,成約価格,value,2319.0,万円,2025-06,False
2024-11,detached,札幌市,成約価格,value,2556.0,万円,2025-06,False
2024-12,detached,札幌市,成約価格,value,2405.0,万円,2025-06,False
2025-01,detached,札幌市,成約価格,value,2369.0,万円,2025-06,False
2025-02,detached,札幌市,成約価格,value,2508.0,万円,2025-06,False
2025-03,detached,札幌市,成約価格,value,2514.0,万円,2025-06,False
2025-04,detached,札幌市,成約価格,value,2469.0,万円,2025-06,False
2025-05,detached,札幌市,成約価格,value,2659.0,万円,2025-06,False
2025-06,detached,札幌市,成約価格,value,2382.0,万円,2025-06,False
2024-01,detached,札幌市,成約価格,yoy_pct,3.7,％,2025-01,False
2024-02,detached,札幌市,成約価格,yoy_pct,-15.5,％,2025-02,False
2024-03,detached,札幌市,成約価格,yoy_pct,-1.3,％,2025-03,False
2024-04,detached,札幌市,成約価格,yoy_pct,-15.3,％,2025-04,False
2024-05,detached,札幌市,成約価格,yoy_pct,-5.8,％,2025-05,False
2024-06,detached,札幌市,成約価格,yoy_pct,-6.3,％,2025-06,False
2024-07,detached,札幌市,成約価格,yoy_pct,9.8,％,2025-06,False
2024-08,detached,札幌市,成約価格,yoy_pct,-15.4,％,2025-06,False
2024-09,detached,札幌市,成約価格,yoy_pct,-12.7,％,2025-06,False
2024-10,detached,札幌市,成約価格,yoy_pct,-15.4,％,2025-06,False
2024-11,detached,札幌市,成約価格,yoy_pct,7.3,％,2025-06,False
2024-12,detached,札幌市,成約価格,yoy_pct,-8.1,％,2025-06,False
2025-01,detached,札幌市,成約価格,yoy_pct,-11.5,％,2025-06,False
2025-02,detached,札幌市,成約価格,yoy_pct,2.8,％,2025-06,False
2025-03,detached,札幌市,成約価格,yoy_pct,-0.9,％,2025-06,False
2025-04,detached,札幌市,成約価格,yoy_pct,5.6,％,2025-06,False
2025-05,detached,札幌市,成約価格,yoy_pct,-2.5,％,2025-06,False
2025-06,detached,札幌市,成約価格,yoy_pct,-4.3,％,2025-06,False
2024-04,detached,札幌市,成約土地面積,mom_pct,-10.3,％,2025-04,False
2024-05,detached,札幌市,成約土地面積,mom_pct,6.8,％,2025-05,False
2024-06,detached,札幌市,成約土地面積,mom_pct,-0.2,％,2025-06,False
2024-07,detached,札幌市,成約土地面積,mom_pct,3.0,％,2025-06,False
2024-08,detached,札幌市,成約土地面積,mom_pct,-8.0,％,2025-06,False
2024-09,detached,札幌市,成約土地面積,mom_pct,6.7,％,2025-06,False
2024-10,detached,札幌市,成約土地面積,mom_pct,-1.6,％,2025-06,False
2024-11,detached,札幌市,成約土地面積,mom_pct,6.4,％,2025-06,False
2024-12,detached,札幌市,成約土地面積,mom_pct,-5.5,％,2025-06,False
2025-01,detached,札幌市,成約土地面積,mom_pct,-2.3,％,2025-06,False
2025-02,detached,札幌市,成約土地面積,mom_pct,1.0,％,2025-06,False
2025-03,detached,札幌市,成約土地面積,mom_pct,0.7,％,2025-06,False
2025-04,detached,札幌市,成約土地面積,mom_pct,-1.3,％,2025-06,False
2025-05,detached,札幌市,成約土地面積,mom_pct,6.1,％,2025-06,False
2025-06,detached,札幌市,成約土地面積,mom_pct,-4.5,％,2025-06,False
2024-04,detached,札幌市,成約土地面積,value,194.64,㎡,2025-04,False
2024-05,detached,札幌市,成約土地面積,value,207.86,㎡,2025-05,False
2024-06,detached,札幌市,成約土地面積,value,207.39,㎡,2025-06,False
2024-07,detached,札幌市,成約土地面積,value,213.65,㎡,2025-06,False
2024-08,detached,札幌市,成約土地面積,value,196.58,㎡,2025-06,False
2024-09,detached,札幌市,成約土地面積,value,209.74,㎡,2025-06,False
2024-10,detached,札幌市,成約土地面積,value,206.31,㎡,2025-06,False
2024-11,detached,札幌市,成約土地面積,value,219.43,㎡,2025-06,False
2024-12,detached,札幌市,成約土地面積,value,207.4,㎡,2025-06,False
2025-01,detached,札幌市,成約土地面積,value,202.59,㎡,2025-06,False
2025-02,detached,札幌市,成約土地面積,value,204.61,㎡,2025-06,False
2025-03,detached,札幌市,成約土地面積,value,206.02,㎡,2025-06,False
2025-04,detached,札幌市,成約土地面積,value,203.27,㎡,2025-06,False
2025-05,detached,札幌市,成約土地面積,value,215.62,㎡,2025-06,False
2025-06,detached,札幌市,成約土地面積,value,205.94,㎡,2025-06,False
2024-04,detached,札幌市,成約土地面積,yoy_pct,-13.4,％,2025-04,False
2024-05,detached,札幌市,成約土地面積,yoy_pct,2.5,％,2025-05,False
2024-06,detached,札幌市,成約土地面積,yoy_pct,-9.7,％,2025-06,False
2024-07,detached,札幌市,成約土地面積,yoy_pct,-2.2,％,2025-06,False
2024-08,detached,札幌市,成約土地面積,yoy_pct,-6.2,％,2025-06,False
2024-09,detached,札幌市,成約土地面積,yoy_pct,4.0,％,2025-06,False
2024-10,detached,札幌市,成約土地面積,yoy_pct,-0.7,％,2025-06,False
2024-11,detached,札幌市,成約土地面積,yoy_pct,5.1,％,2025-06,False
2024-12,detached,札幌市,成約土地面積,yoy_pct,-9.6,％,2025-06,False
2025-01,detached,札幌市,成約土地面積,yoy_pct,-0.9,％,2025-06,False
2025-02,detached,札幌市,成約土地面積,yoy_pct,3.9,％,2025-06,False
2025-03,detached,札幌市,成約土地面積,yoy_pct,-5.0,％,2025-06,False
2025-04,detached,札幌市,成約土地面積,yoy_pct,4.4,％,2025-06,False
2025-05,detached,札幌市,成約土地面積,yoy_pct,3.7,％,2025-06,False
2025-06,detached,札幌市,成約土地面積,yoy_pct,-0.7,％,2025-06,False
2024-04,detached,札幌市,成約建物面積,mom_pct,-6.2,％,2025-04,False
2024-05,detached,札幌市,成約建物面積,mom_pct,11.5,％,2025-05,False
2024-06,detached,札幌市,成約建物面積,mom_pct,-3.4,％,2025-06,False
2024-07,detached,札幌市,成約建物面積,mom_pct,4.6,％,2025-06,False
2024-08,detached,札幌市,成約建物面積,mom_pct,-4.2,％,2025-06,False
2024-09,detached,札幌市,成約建物面積,mom_pct,-0.2,％,2025-06,False
2024-10,detached,札幌市,成約建物面積,mom_pct,-8.1,％,2025-06,False
2024-11,detached,札幌市,成約建物面積,mom_pct,7.2,％,2025-06,False
2024-12,detached,札幌市,成約建物面積,mom_pct,7.3,％,2025-06,False
2025-01,detached,札幌市,成約建物面積,mom_pct,-4.1,％,2025-06,False
2025-02,detached,札幌市,成約建物面積,mom_pct,-1.0,％,2025-06,False
2025-03,detached,札幌市,成約建物面積,mom_pct,-1.2,％,2025-06,False
2025-04,detached,札幌市,成約建物面積,mom_pct,4.8,％,2025-06,False
2025-05,detached,札幌市,成約建物面積,mom_pct,3.8,％,2025-06,False
2025-06,detached,札幌市,成約建物面積,mom_pct,-9.3,％,2025-06,False
2024-04,detached,札幌市,成約建物面積,value,122.47,㎡,2025-04,False
2024-05,detached,札幌市,成約建物面積,value,136.55,㎡,2025-05,False
2024-06,detached,札幌市,成約建物面積,value,131.89,㎡,2025-06,False
2024-07,detached,札幌市,成約建物面積,value,137.98,㎡,2025-06,False
2024-08,detached,札幌市,成約建物面積,value,132.17,㎡,2025-06,False
2024-09,detached,札幌市,成約建物面積,value,131.87,㎡,2025-06,False
2024-10,detached,札幌市,成約建物面積,value,121.14,㎡,2025-06,False
2024-11,detached,札幌市,成約建物面積,value,129.88,㎡,2025-06,False
2024-12,detached,札幌市,成約建物面積,value,139.3,㎡,2025-06,False
2025-01,detached,札幌市,成約建物面積,value,133.57,㎡,2025-06,False
2025-02,detached,札幌市,成約建物面積,value,132.3,㎡,2025-06,False
2025-03,detached,札幌市,成約建物面積,value,130.65,㎡,2025-06,False
2025-04,detached,札幌市,成約建物面積,value,136.95,㎡,2025-06,False
2025-05,detached,札幌市,成約建物面積,value,142.08,㎡,2025-06,False
2025-06,detached,札幌市,成約建物面積,value,128.82,㎡,2025-06,False
2024-04,detached,札幌市,成約建物面積,yoy_pct,-6.8,％,2025-04,False
2024-05,detached,札幌市,成約建物面積,yoy_pct,2.7,％,2025-05,False
2024-06,detached,札幌市,成約建物面積,yoy_pct,-4.8,％,2025-06,False
2024-07,detached,札幌市,成約建物面積,yoy_pct,7.7,％,2025-06,False
2024-08,detached,札幌市,成約建物面積,yoy_pct,-4.4,％,2025-06,False
2024-09,detached,札幌市,成約建物面積,yoy_pct,-0.2,％,2025-06,False
2024-10,detached,札幌市,成約建物面積,yoy_pct,-7.7,％,2025-06,False
2024-11,detached,札幌市,成約建物面積,yoy_pct,0.4,％,2025-06,False
2024-12,detached,札幌市,成約建物面積,yoy_pct,2.1,％,2025-06,False
2025-01,detached,札幌市,成約建物面積,yoy_pct,-3.1,％,2025-06,False
2025-02,detached,札幌市,成約建物面積,yoy_pct,3.8,％,2025-06,False
2025-03,detached,札幌市,成約建物面積,yoy_pct,0.04,％,2025-06,False
2025-04,detached,札幌市,成約建物面積,yoy_pct,11.8,％,2025-06,False
2025-05,detached,札幌市,成約建物面積,yoy_pct,4.05,％,2025-06,False
2025-06,detached,札幌市,成約建物面積,yoy_pct,-2.3,％,2025-06,False
2024-04,detached,札幌市,成約築年数,value,27.39,年,2025-04,False
2024-05,detached,札幌市,成約築年数,value,25.79,年,2025-05,False
2024-06,detached,札幌市,成約築年数,value,27.68,年,2025-06,False
2024-07,detached,札幌市,成約築年数,value,29.49,年,2025-06,False
2024-08,detached,札幌市,成約築年数,value,27.94,年,2025-06,False
2024-09,detached,札幌市,成約築年数,value,27.77,年,2025-06,False
2024-10,detached,札幌市,成約築年数,value,28.13,年,2025-06,False
2024-11,detached,札幌市,成約築年数,value,27.62,年,2025-06,False
2024-12,detached,札幌市,成約築年数,value,26.99,年,2025-06,False
2025-01,detached,札幌市,成約築年数,value,27.55,年,2025-06,False
2025-02,detached,札幌市,成約築年数,value,27.34,年,2025-06,False
2025-03,detached,札幌市,成約築年数,value,28.16,年,2025-06,False
2025-04,detached,札幌市,成約築年数,value,28.18,年,2025-06,False
2025-05,detached,札幌市,成約築年数,value,29.25,年,2025-06,False
2025-06,detached,札幌市,成約築年数,value,28.7,年,2025-06,False
2024-01,detached,東京都,成約件数,mom_pct,-12.3,％,2025-01,False
2024-02,detached,東京都,成約件数,mom_pct,32.1,％,2025-02,False
2024-03,detached,東京都,成約件数,mom_pct,18.0,％,2025-03,False
2024-04,detached,東京都,成約件数,mom_pct,-16.7,％,2025-03,False
2024-05,detached,東京都,成約件数,mom_pct,-1.0,％,2025-03,False
2024-06,detached,東京都,成約件数,mom_pct,18.8,％,2025-03,False
2024-07,detached,東京都,成約件数,mom_pct,-9.9,％,2025-03,False
2024-08,detached,東京都,成約件数,mom_pct,-31.9,％,2025-03,False
2024-09,detached,東京都,成約件数,mom_pct,62.9,％,2025-03,False
2024-10,detached,東京都,成約件数,mom_pct,-15.1,％,2025-03,False
2024-11,detached,東京都,成約件数,mom_pct,5.7,％,2025-03,False
2024-12,detached,東京都,成約件数,mom_pct,-0.5,％,2025-03,False
2025-01,detached,東京都,成約件数,mom_pct,-0.5,％,2025-03,False
2025-02,detached,東京都,成約件数,mom_pct,37.8,％,2025-03,False
2025-03,detached,東京都,成約件数,mom_pct,29.6,％,2025-03,False
2024-01,detached,東京都,成約件数,value,299,件,2025-01,False
2024-02,detached,東京都,成約件数,value,395,件,2025-02,False
2024-03,detached,東京都,成約件数,value,466,件,2025-03,False
2024-04,detached,東京都,成約件数,value,388,件,2025-04,False
2024-05,detached,東京都,成約件数,value,384,件,2025-05,False
2024-06,detached,東京都,成約件数,value,456,件,2025-06,False
2024-07,detached,東京都,成約件数,value,411,件,2025-06,False
2024-08,detached,東京都,成約件数,value,280,件,2025-06,False
2024-09,detached,東京都,成約件数,value,456,件,2025-06,False
2024-10,detached,東京都,成約件数,value,387,件,2025-06,False
2024-11,detached,東京都,成約件数,value,409,件,2025-06,False
2024-12,detached,東京都,成約件数,value,407,件,2025-06,False
2025-01,detached,東京都,成約件数,value,405,件,2025-06,False
2025-02,detached,東京都,成約件数,value,558,件,2025-06,False
2025-03,detached,東京都,成約件数,value,723,件,2025-06,False
2025-04,detached,東京都,成約件数,value,568,件,2025-06,False
2025-05,detached,東京都,成約件数,value,558,件,2025-06,False
2025-06,detached,東京都,成約件数,value,609,件,2025-06,False
2024-01,detached,東京都,成約件数,yoy_pct,8.7,％,2025-01,False
2024-02,detached,東京都,成約件数,yoy_pct,22.3,％,2025-02,False
2024-03,detached,東京都,成約件数,yoy_pct,22.6,％,2025-03,False
2024-04,detached,東京都,成約件数,yoy_pct,13.8,％,2025-04,False
2024-05,detached,東京都,成約件数,yoy_pct,8.5,％,2025-05,False
2024-06,detached,東京都,成約件数,yoy_pct,24.3,％,2025-06,False
2024-07,detached,東京都,成約件数,yoy_pct,10.8,％,2025-06,False
2024-08,detached,東京都,成約件数,yoy_pct,6.1,％,2025-06,False
2024-09,detached,東京都,成約件数,yoy_pct,27.4,％,2025-06,False
2024-10,detached,東京都,成約件数,yoy_pct,-6.5,％,2025-06,False
2024-11,detached,東京都,成約件数,yoy_pct,45.0,％,2025-06,False
2024-12,detached,東京都,成約件数,yoy_pct,19.4,％,2025-06,False
2025-01,detached,東京都,成約件数,yoy_pct,35.5,％,2025-06,False
2025-02,detached,東京都,成約件数,yoy_pct,41.3,％,2025-06,False
2025-03,detached,東京都,成約件数,yoy_pct,55.2,％,2025-06,False
2025-04,detached,東京都,成約件数,yoy_pct,46.4,％,2025-06,False
2025-05,detached,東京都,成約件数,yoy_pct,45.3,％,2025-06,False
2025-06,detached,東京都,成約件数,yoy_pct,33.6,％,2025-06,False
2024-01,detached,東京都,成約価格,mom_pct,6.2,％,2025-01,False
2024-02,detached,東京都,成約価格,mom_pct,-1.9,％,2025-02,False
2024-03,detached,東京都,成約価格,mom_pct,6.3,％,2025-03,False
2024-04,detached,東京都,成約価格,mom_pct,-2.0,％,2025-04,False
2024-05,detached,東京都,成約価格,mom_pct,-9.4,％,2025-05,False
2024-06,detached,東京都,成約価格,mom_pct,11.9,％,2025-06,False
2024-07,detached,東京都,成約価格,mom_pct,-8.5,％,2025-06,False
2024-08,detached,東京都,成約価格,mom_pct,1.8,％,2025-06,False
2024-09,detached,東京都,成約価格,mom_pct,5.4,％,2025-06,False
2024-10,detached,東京都,成約価格,mom_pct,-5.9,％,2025-06,False
2024-11,detached,東京都,成約価格,mom_pct,4.6,％,2025-06,False
2024-12,detached,東京都,成約価格,mom_pct,1.0,％,2025-06,False
2025-01,detached,東京都,成約価格,mom_pct,-2.4,％,2025-06,False
2025-02,detached,東京都,成約価格,mom_pct,3.1,％,2025-06,False
2025-03,detached,東京都,成約価格,mom_pct,7.1,％,2025-06,False
2025-04,detached,東京都,成約価格,mom_pct,-6.3,％,2025-06,False
2025-05,detached,東京都,成約価格,mom_pct,1.2,％,2025-06,False
2025-06,detached,東京都,成約価格,mom_pct,2.3,％,2025-06,False
2024-01,detached,東京都,成約価格,value,5610,万円,2025-01,False
2024-02,detached,東京都,成約価格,value,5504,万円,2025-02,False
2024-03,detached,東京都,成約価格,value,5852,万円,2025-03,False
2024-04,detached,東京都,成約価格,value,5737,万円,2025-04,False
2024-05,detached,東京都,成約価格,value,5199,万円,2025-05,False
2024-06,detached,東京都,成約価格,value,5818,万円,2025-06,False
2024-07,detached,東京都,成約価格,value,5325,万円,2025-06,False
2024-08,detached,東京都,成約価格,value,5421,万円,2025-06,False
2024-09,detached,東京都,成約価格,value,5713,万円,2025-06,False
2024-10,detached,東京都,成約価格,value,5376,万円,2025-06,False
2024-11,detached,東京都,成約価格,value,5623,万円,2025-06,False
2024-12,detached,東京都,成約価格,value,5682,万円,2025-06,False
2025-01,detached,東京都,成約価格,value,5543,万円,2025-06,False
2025-02,detached,東京都,成約価格,value,5715,万円,2025-06,False
2025-03,detached,東京都,成約価格,value,6120,万円,2025-06,False
2025-04,detached,東京都,成約価格,value,5735,万円,2025-06,False
2025-05,detached,東京都,成約価格,value,5804,万円,2025-06,False
2025-06,detached,東京都,成約価格,value,5936,万円,2025-06,False
2024-01,detached,東京都,成約価格,yoy_pct,1.8,％,2025-01,False
2024-02,detached,東京都,成約価格,yoy_pct,4.8,％,2025-02,False
2024-03,detached,東京都,成約価格,yoy_pct,6.4,％,2025-03,False
2024-04,detached,東京都,成約価格,yoy_pct,9.1,％,2025-04,False
2024-05,detached,東京都,成約価格,yoy_pct,4.1,％,2025-05,False
2024-06,detached,東京都,成約価格,yoy_pct,10.1,％,2025-06,False
2024-07,detached,東京都,成約価格,yoy_pct,0.1,％,2025-06,False
2024-08,detached,東京都,成約価格,yoy_pct,4.2,％,2025-06,False
2024-09,detached,東京都,成約価格,yoy_pct,3.0,％,2025-06,False
2024-10,detached,東京都,成約価格,yoy_pct,0.6,％,2025-06,False
2024-11,detached,東京都,成約価格,yoy_pct,0.8,％,2025-06,False
2024-12,detached,東京都,成約価格,yoy_pct,7.6,％,2025-06,False
2025-01,detached,東京都,成約価格,yoy_pct,-1.2,％,2025-06,False
2025-02,detached,東京都,成約価格,yoy_pct,3.8,％,2025-06,False
2025-03,detached,東京都,成約価格,yoy_pct,4.6,％,2025-06,False
2025-04,detached,東京都,成約価格,yoy_pct,-0.03,％,2025-06,False
2025-05,detached,東京都,成約価格,yoy_pct,11.6,％,2025-06,False
2025-06,detached,東京都,成約価格,yoy_pct,2.0,％,2025-06,False
2025-04,detached,東京都,成約土地面積,value,103.21,㎡,2025-04,False
2025-05,detached,東京都,成約土地面積,value,106.8,㎡,2025-05,False
2025-06,detached,東京都,成約土地面積,value,110.99,㎡,2025-06,False
2025-04,detached,東京都,成約土地面積,yoy_pct,-3.9,％,2025-04,False
2025-05,detached,東京都,成約土地面積,yoy_pct,1.0,％,2025-05,False
2025-06,detached,東京都,成約土地面積,yoy_pct,6.6,％,2025-06,False
2025-04,detached,東京都,成約建物面積,value,97.93,㎡,2025-04,False
2025-05,detached,東京都,成約建物面積,value,98.23,㎡,2025-05,False
2025-06,detached,東京都,成約建物面積,value,100.2,㎡,2025-06,False
2025-04,detached,東京都,成約建物面積,yoy_pct,-2.3,％,2025-04,False
2025-05,detached,東京都,成約建物面積,yoy_pct,0.1,％,2025-05,False
2025-06,detached,東京都,成約建物面積,yoy_pct,-0.5,％,2025-06,False
2025-04,detached,東京都,成約築年数,value,22.88,年,2025-04,False
2025-05,detached,東京都,成約築年数,value,22.86,年,2025-05,False
2025-06,detached,東京都,成約築年数,value,23.07,年,2025-06,False
2024-01,detached,東京都区部,成約件数,mom_pct,-7.8,％,2025-01,False
2024-02,detached,東京都区部,成約件数,mom_pct,28.1,％,2025-02,False
2024-03,detached,東京都区部,成約件数,mom_pct,21.1,％,2025-03,False
2024-04,detached,東京都区部,成約件数,mom_pct,-16.3,％,2025-03,False
2024-05,detached,東京都区部,成約件数,mom_pct,-4.8,％,2025-03,False
2024-06,detached,東京都区部,成約件数,mom_pct,25.0,％,2025-03,False
2024-07,detached,東京都区部,成約件数,mom_pct,-15.3,％,2025-03,False
2024-08,detached,東京都区部,成約件数,mom_pct,-30.9,％,2025-03,False
2024-09,detached,東京都区部,成約件数,mom_pct,65.8,％,2025-03,False
2024-10,detached,東京都区部,成約件数,mom_pct,-13.1,％,2025-03,False
2024-11,detached,東京都区部,成約件数,mom_pct,7.3,％,2025-03,False
2024-12,detached,東京都区部,成約件数,mom_pct,-6.8,％,2025-03,False
2025-01,detached,東京都区部,成約件数,mom_pct,2.2,％,2025-03,False
2025-02,detached,東京都区部,成約件数,mom_pct,40.5,％,2025-03,False
2025-03,detached,東京都区部,成約件数,mom_pct,31.8,％,2025-03,False
2024-01,detached,東京都区部,成約件数,value,178,件,2025-01,False
2024-02,detached,東京都区部,成約件数,value,228,件,2025-02,False
2024-03,detached,東京都区部,成約件数,value,276,件,2025-03,False
2024-04,detached,東京都区部,成約件数,value,231,件,2025-04,False
2024-05,detached,東京都区部,成約件数,value,220,件,2025-05,False
2024-06,detached,東京都区部,成約件数,value,275,件,2025-06,False
2024-07,detached,東京都区部,成約件数,value,233,件,2025-06,False
2024-08,detached,東京都区部,成約件数,value,161,件,2025-06,False
2024-09,detached,東京都区部,成約件数,value,267,件,2025-06,False
2024-10,detached,東京都区部,成約件数,value,232,件,2025-06,False
2024-11,detached,東京都区部,成約件数,value,249,件,2025-06,False
2024-12,detached,東京都区部,成約件数,value,232,件,2025-06,False
2025-01,detached,東京都区部,成約件数,value,237,件,2025-06,False
2025-02,detached,東京都区部,成約件数,value,333,件,2025-06,False
2025-03,detached,東京都区部,成約件数,value,439,件,2025-06,False
2025-04,detached,東京都区部,成約件数,value,355,件,2025-06,False
2025-05,detached,東京都区部,成約件数,value,357,件,2025-06,False
2025-06,detached,東京都区部,成約件数,value,354,件,2025-06,False
2024-01,detached,東京都区部,成約件数,yoy_pct,8.5,％,2025-01,False
2024-02,detached,東京都区部,成約件数,yoy_pct,21.3,％,2025-02,False
2024-03,detached,東京都区部,成約件数,yoy_pct,26.6,％,2025-03,False
2024-04,detached,東京都区部,成約件数,yoy_pct,15.5,％,2025-04,False
2024-05,detached,東京都区部,成約件数,yoy_pct,18.9,％,2025-05,False
2024-06,detached,東京都区部,成約件数,yoy_pct,50.3,％,2025-06,False
2024-07,detached,東京都区部,成約件数,yoy_pct,8.4,％,2025-06,False
2024-08,detached,東京都区部,成約件数,yoy_pct,6.6,％,2025-06,False
2024-09,detached,東京都区部,成約件数,yoy_pct,32.2,％,2025-06,False
2024-10,detached,東京都区部,成約件数,yoy_pct,0.9,％,2025-06,False
2024-11,detached,東京都区部,成約件数,yoy_pct,50.9,％,2025-06,False
2024-12,detached,東京都区部,成約件数,yoy_pct,20.2,％,2025-06,False
2025-01,detached,東京都区部,成約件数,yoy_pct,33.1,％,2025-06,False
2025-02,detached,東京都区部,成約件数,yoy_pct,46.1,％,2025-06,False
2025-03,detached,東京都区部,成約件数,yoy_pct,59.1,％,2025-06,False
2025-04,detached,東京都区部,成約件数,yoy_pct,53.7,％,2025-06,False
2025-05,detached,東京都区部,成約件数,yoy_pct,62.3,％,2025-06,False
2025-06,detached,東京都区部,成約件数,yoy_pct,28.7,％,2025-06,False
2024-01,detached,東京都区部,成約価格,mom_pct,9.3,％,2025-01,False
2024-02,detached,東京都区部,成約価格,mom_pct,-7.2,％,2025-02,False
2024-03,detached,東京都区部,成約価格,mom_pct,5.0,％,2025-03,False
2024-04,detached,東京都区部,成約価格,mom_pct,1.3,％,2025-04,False
2024-05,detached,東京都区部,成約価格,mom_pct,-11.7,％,2025-05,False
2024-06,detached,東京都区部,成約価格,mom_pct,14.8,％,2025-06,False
2024-07,detached,東京都区部,成約価格,mom_pct,-7.5,％,2025-06,False
2024-08,detached,東京都区部,成約価格,mom_pct,4.2,％,2025-06,False
2024-09,detached,東京都区部,成約価格,mom_pct,2.5,％,2025-06,False
2024-10,detached,東京都区部,成約価格,mom_pct,-8.5,％,2025-06,False
2024-11,detached,東京都区部,成約価格,mom_pct,6.2,％,2025-06,False
2024-12,detached,東京都区部,成約価格,mom_pct,1.6,％,2025-06,False
2025-01,detached,東京都区部,成約価格,mom_pct,-1.0,％,2025-06,False
2025-02,detached,東京都区部,成約価格,mom_pct,3.2,％,2025-06,False
2025-03,detached,東京都区部,成約価格,mom_pct,4.1,％,2025-06,False
2025-04,detached,東京都区部,成約価格,mom_pct,-7.3,％,2025-06,False
2025-05,detached,東京都区部,成約価格,mom_pct,0.9,％,2025-06,False
2025-06,detached,東京都区部,成約価格,mom_pct,4.0,％,2025-06,False
2024-01,detached,東京都区部,成約価格,value,7107,万円,2025-01,False
2024-02,detached,東京都区部,成約価格,value,6595,万円,2025-02,False
2024-03,detached,東京都区部,成約価格,value,6925,万円,2025-03,False
2024-04,detached,東京都区部,成約価格,value,7014,万円,2025-04,False
2024-05,detached,東京都区部,成約価格,value,6195,万円,2025-05,False
2024-06,detached,東京都区部,成約価格,value,7112,万円,2025-06,False
2024-07,detached,東京都区部,成約価格,value,6576,万円,2025-06,False
2024-08,detached,東京都区部,成約価格,value,6853,万円,2025-06,False
2024-09,detached,東京都区部,成約価格,value,7027,万円,2025-06,False
2024-10,detached,東京都区部,成約価格,value,6430,万円,2025-06,False
2024-11,detached,東京都区部,成約価格,value,6825,万円,2025-06,False
2024-12,detached,東京都区部,成約価格,value,6933,万円,2025-06,False
2025-01,detached,東京都区部,成約価格,value,6861,万円,2025-06,False
2025-02,detached,東京都区部,成約価格,value,7083,万円,2025-06,False
2025-03,detached,東京都区部,成約価格,value,7374,万円,2025-06,False
2025-04,detached,東京都区部,成約価格,value,6834,万円,2025-06,False
2025-05,detached,東京都区部,成約価格,value,6898,万円,2025-06,False
2025-06,detached,東京都区部,成約価格,value,7171,万円,2025-06,False
2024-01,detached,東京都区部,成約価格,yoy_pct,7.5,％,2025-01,False
2024-02,detached,東京都区部,成約価格,yoy_pct,5.5,％,2025-02,False
2024-03,detached,東京都区部,成約価格,yoy_pct,1.6,％,2025-03,False
2024-04,detached,東京都区部,成約価格,yoy_pct,15.0,％,2025-04,False
2024-05,detached,東京都区部,成約価格,yoy_pct,1.6,％,2025-05,False
2024-06,detached,東京都区部,成約価格,yoy_pct,6.1,％,2025-06,False
2024-07,detached,東京都区部,成約価格,yoy_pct,2.7,％,2025-06,False
2024-08,detached,東京都区部,成約価格,yoy_pct,8.2,％,2025-06,False
2024-09,detached,東京都区部,成約価格,yoy_pct,4.7,％,2025-06,False
2024-10,detached,東京都区部,成約価格,yoy_pct,-3.5,％,2025-06,False
2024-11,detached,東京都区部,成約価格,yoy_pct,6.3,％,2025-06,False
2024-12,detached,東京都区部,成約価格,yoy_pct,6.7,％,2025-06,False
2025-01,detached,東京都区部,成約価格,yoy_pct,-3.5,％,2025-06,False
2025-02,detached,東京都区部,成約価格,yoy_pct,7.4,％,2025-06,False
2025-03,detached,東京都区部,成約価格,yoy_pct,6.5,％,2025-06,False
2025-04,detached,東京都区部,成約価格,yoy_pct,-2.6,％,2025-06,False
2025-05,detached,東京都区部,成約価格,yoy_pct,11.3,％,2025-06,False
2025-06,detached,東京都区部,成約価格,yoy_pct,0.8,％,2025-06,False
2025-04,detached,東京都区部,成約土地面積,value,85.05,㎡,2025-04,False
2025-05,detached,東京都区部,成約土地面積,value,87.71,㎡,2025-05,False
2025-06,detached,東京都区部,成約土地面積,value,86.91,㎡,2025-06,False
2025-04,detached,東京都区部,成約土地面積,yoy_pct,-2.5,％,2025-04,False
2025-05,detached,東京都区部,成約土地面積,yoy_pct,8.5,％,2025-05,False
2025-06,detached,東京都区部,成約土地面積,yoy_pct,1.3,％,2025-06,False
2025-04,detached,東京都区部,成約建物面積,value,96.23,㎡,2025-04,False
2025-05,detached,東京都区部,成約建物面積,value,96.7,㎡,2025-05,False
2025-06,detached,東京都区部,成約建物面積,value,98.08,㎡,2025-06,False
2025-04,detached,東京都区部,成約建物面積,yoy_pct,-1.6,％,2025-04,False
2025-05,detached,東京都区部,成約建物面積,yoy_pct,2.3,％,2025-05,False
2025-06,detached,東京都区部,成約建物面積,yoy_pct,-3.3,％,2025-06,False
2025-04,detached,東京都区部,成約築年数,value,22.37,年,2025-04,False
2025-05,detached,東京都区部,成約築年数,value,23.68,年,2025-05,False
2025-06,detached,東京都区部,成約築年数,value,23.65,年,2025-06,False
2024-01,detached,東京都多摩,成約件数,mom_pct,-18.2,％,2025-01,False
2024-02,detached,東京都多摩,成約件数,mom_pct,38.0,％,2025-02,False
2024-03,detached,東京都多摩,成約件数,mom_pct,13.8,％,2025-03,False
2024-04,detached,東京都多摩,成約件数,mom_pct,-17.4,％,2025-03,False
2024-05,detached,東京都多摩,成約件数,mom_pct,4.5,％,2025-03,False
2024-06,detached,東京都多摩,成約件数,mom_pct,10.4,％,2025-03,False
2024-07,detached,東京都多摩,成約件数,mom_pct,-1.7,％,2025-03,False
2024-08,detached,東京都多摩,成約件数,mom_pct,-33.1,％,2025-03,False
2024-09,detached,東京都多摩,成約件数,mom_pct,58.8,％,2025-03,False
2024-10,detached,東京都多摩,成約件数,mom_pct,-18.0,％,2025-03,False
2024-11,detached,東京都多摩,成約件数,mom_pct,3.2,％,2025-03,False
2024-12,detached,東京都多摩,成約件数,mom_pct,9.4,％,2025-03,False
2025-01,detached,東京都多摩,成約件数,mom_pct,-4.0,％,2025-03,False
2025-02,detached,東京都多摩,成約件数,mom_pct,33.9,％,2025-03,False
2025-03,detached,東京都多摩,成約件数,mom_pct,26.2,％,2025-03,False
2024-01,detached,東京都多摩,成約件数,value,121,件,2025-01,False
2024-02,detached,東京都多摩,成約件数,value,167,件,2025-02,False
2024-03,detached,東京都多摩,成約件数,value,190,件,2025-03,False
2024-04,detached,東京都多摩,成約件数,value,157,件,2025-04,False
2024-05,detached,東京都多摩,成約件数,value,164,件,2025-05,False
2024-06,detached,東京都多摩,成約件数,value,181,件,2025-06,False
2024-07,detached,東京都多摩,成約件数,value,178,件,2025-06,False
2024-08,detached,東京都多摩,成約件数,value,119,件,2025-06,False
2024-09,detached,東京都多摩,成約件数,value,189,件,2025-06,False
2024-10,detached,東京都多摩,成約件数,value,155,件,2025-06,False
2024-11,detached,東京都多摩,成約件数,value,160,件,2025-06,False
2024-12,detached,東京都多摩,成約件数,value,175,件,2025-06,False
2025-01,detached,東京都多摩,成約件数,value,168,件,2025-06,False
2025-02,detached,東京都多摩,成約件数,value,225,件,2025-06,False
2025-03,detached,東京都多摩,成約件数,value,284,件,2025-06,False
2025-04,detached,東京都多摩,成約件数,value,213,件,2025-06,False
2025-05,detached,東京都多摩,成約件数,value,201,件,2025-06,False
2025-06,detached,東京都多摩,成約件数,value,255,件,2025-06,False
2024-01,detached,東京都多摩,成約件数,yoy_pct,9.0,％,2025-01,False
2024-02,detached,東京都多摩,成約件数,yoy_pct,23.7,％,2025-02,False
2024-03,detached,東京都多摩,成約件数,yoy_pct,17.3,％,2025-03,False
2024-04,detached,東京都多摩,成約件数,yoy_pct,11.3,％,2025-04,False
2024-05,detached,東京都多摩,成約件数,yoy_pct,-3.0,％,2025-05,False
2024-06,detached,東京都多摩,成約件数,yoy_pct,-1.6,％,2025-06,False
2024-07,detached,東京都多摩,成約件数,yoy_pct,14.1,％,2025-06,False
2024-08,detached,東京都多摩,成約件数,yoy_pct,5.3,％,2025-06,False
2024-09,detached,東京都多摩,成約件数,yoy_pct,21.2,％,2025-06,False
2024-10,detached,東京都多摩,成約件数,yoy_pct,-15.8,％,2025-06,False
2024-11,detached,東京都多摩,成約件数,yoy_pct,36.8,％,2025-06,False
2024-12,detached,東京都多摩,成約件数,yoy_pct,18.2,％,2025-06,False
2025-01,detached,東京都多摩,成約件数,yoy_pct,38.8,％,2025-06,False
2025-02,detached,東京都多摩,成約件数,yoy_pct,34.7,％,2025-06,False
2025-03,detached,東京都多摩,成約件数,yoy_pct,49.5,％,2025-06,False
2025-04,detached,東京都多摩,成約件数,yoy_pct,35.7,％,2025-06,False
2025-05,detached,東京都多摩,成約件数,yoy_pct,22.6,％,2025-06,False
2025-06,detached,東京都多摩,成約件数,yoy_pct,40.9,％,2025-06,False
2024-01,detached,東京都多摩,成約価格,mom_pct,-7.7,％,2025-01,False
2024-02,detached,東京都多摩,成約価格,mom_pct,17.8,％,2025-02,False
2024-03,detached,東京都多摩,成約価格,mom_pct,7.0,％,2025-03,False
2024-04,detached,東京都多摩,成約価格,mom_pct,-10.1,％,2025-04,False
2024-05,detached,東京都多摩,成約価格,mom_pct,0.1,％,2025-05,False
2024-06,detached,東京都多摩,成約価格,mom_pct,-0.3,％,2025-06,False
2024-07,detached,東京都多摩,成約価格,mom_pct,-4.2,％,2025-06,False
2024-08,detached,東京都多摩,成約価格,mom_pct,-5.5,％,2025-06,False
2024-09,detached,東京都多摩,成約価格,mom_pct,10.7,％,2025-06,False
2024-10,detached,東京都多摩,成約価格,mom_pct,-1.5,％,2025-06,False
2024-11,detached,東京都多摩,成約価格,mom_pct,-1.2,％,2025-06,False
2024-12,detached,東京都多摩,成約価格,mom_pct,7.3,％,2025-06,False
2025-01,detached,東京都多摩,成約価格,mom_pct,-8.5,％,2025-06,False
2025-02,detached,東京都多摩,成約価格,mom_pct,0.2,％,2025-06,False
2025-03,detached,東京都多摩,成約価格,mom_pct,13.3,％,2025-06,False
2025-04,detached,東京都多摩,成約価格,mom_pct,-6.6,％,2025-06,False
2025-05,detached,東京都多摩,成約価格,mom_pct,-1.1,％,2025-06,False
2025-06,detached,東京都多摩,成約価格,mom_pct,9.4,％,2025-06,False
2024-01,detached,東京都多摩,成約価格,value,3408,万円,2025-01,False
2024-02,detached,東京都多摩,成約価格,value,4014,万円,2025-02,False
2024-03,detached,東京都多摩,成約価格,value,4294,万円,2025-03,False
2024-04,detached,東京都多摩,成約価格,value,3858,万円,2025-04,False
2024-05,detached,東京都多摩,成約価格,value,3863,万円,2025-05,False
2024-06,detached,東京都多摩,成約価格,value,3852,万円,2025-06,False
2024-07,detached,東京都多摩,成約価格,value,3688,万円,2025-06,False
2024-08,detached,東京都多摩,成約価格,value,3484,万円,2025-06,False
2024-09,detached,東京都多摩,成約価格,value,3857,万円,2025-06,False
2024-10,detached,東京都多摩,成約価格,value,3799,万円,2025-06,False
2024-11,detached,東京都多摩,成約価格,value,3752,万円,2025-06,False
2024-12,detached,東京都多摩,成約価格,value,4024,万円,2025-06,False
2025-01,detached,東京都多摩,成約価格,value,3683,万円,2025-06,False
2025-02,detached,東京都多摩,成約価格,value,3690,万円,2025-06,False
2025-03,detached,東京都多摩,成約価格,value,4181,万円,2025-06,False
2025-04,detached,東京都多摩,成約価格,value,3903,万円,2025-06,False
2025-05,detached,東京都多摩,成約価格,value,3861,万円,2025-06,False
2025-06,detached,東京都多摩,成約価格,value,4222,万円,2025-06,False
2024-01,detached,東京都多摩,成約価格,yoy_pct,-12.4,％,2025-01,False
2024-02,detached,東京都多摩,成約価格,yoy_pct,4.1,％,2025-02,False
2024-03,detached,東京都多摩,成約価格,yoy_pct,15.0,％,2025-03,False
2024-04,detached,東京都多摩,成約価格,yoy_pct,-5.2,％,2025-04,False
2024-05,detached,東京都多摩,成約価格,yoy_pct,2.1,％,2025-05,False
2024-06,detached,東京都多摩,成約価格,yoy_pct,-0.7,％,2025-06,False
2024-07,detached,東京都多摩,成約価格,yoy_pct,-3.9,％,2025-06,False
2024-08,detached,東京都多摩,成約価格,yoy_pct,-5.6,％,2025-06,False
2024-09,detached,東京都多摩,成約価格,yoy_pct,-4.6,％,2025-06,False
2024-10,detached,東京都多摩,成約価格,yoy_pct,2.8,％,2025-06,False
2024-11,detached,東京都多摩,成約価格,yoy_pct,-14.6,％,2025-06,False
2024-12,detached,東京都多摩,成約価格,yoy_pct,9.1,％,2025-06,False
2025-01,detached,東京都多摩,成約価格,yoy_pct,8.1,％,2025-06,False
2025-02,detached,東京都多摩,成約価格,yoy_pct,-8.1,％,2025-06,False
2025-03,detached,東京都多摩,成約価格,yoy_pct,-2.6,％,2025-06,False
2025-04,detached,東京都多摩,成約価格,yoy_pct,1.2,％,2025-06,False
2025-05,detached,東京都多摩,成約価格,yoy_pct,-0.1,％,2025-06,False
2025-06,detached,東京都多摩,成約価格,yoy_pct,9.6,％,2025-06,False
2025-04,detached,東京都多摩,成約土地面積,value,133.47,㎡,2025-04,False
2025-05,detached,東京都多摩,成約土地面積,value,140.71,㎡,2025-05,False
2025-06,detached,東京都多摩,成約土地面積,value,144.42,㎡,2025-06,False
2025-04,detached,東京都多摩,成約土地面積,yoy_pct,-2.6,％,2025-04,False
2025-05,detached,東京都多摩,成約土地面積,yoy_pct,1.2,％,2025-05,False
2025-06,detached,東京都多摩,成約土地面積,yoy_pct,9.4,％,2025-06,False
2025-04,detached,東京都多摩,成約建物面積,value,100.76,㎡,2025-04,False
2025-05,detached,東京都多摩,成約建物面積,value,100.95,㎡,2025-05,False
2025-06,detached,東京都多摩,成約建物面積,value,103.14,㎡,2025-06,False
2025-04,detached,東京都多摩,成約建物面積,yoy_pct,-3.0,％,2025-04,False
2025-05,detached,東京都多摩,成約建物面積,yoy_pct,-1.9,％,2025-05,False
2025-06,detached,東京都多摩,成約建物面積,yoy_pct,3.6,％,2025-06,False
2025-04,detached,東京都多摩,成約築年数,value,23.73,年,2025-04,False
2025-05,detached,東京都多摩,成約築年数,value,21.4,年,2025-05,False
2025-06,detached,東京都多摩,成約築年数,value,22.26,年,2025-06,False
2024-01,detached,横浜市・川崎市,成約件数,mom_pct,-16.8,％,2025-01,False
2024-02,detached,横浜市・川崎市,成約件数,mom_pct,20.2,％,2025-02,False
2024-03,detached,横浜市・川崎市,成約件数,mom_pct,12.1,％,2025-03,False
2024-04,detached,横浜市・川崎市,成約件数,mom_pct,13.8,％,2025-03,False
2024-05,detached,横浜市・川崎市,成約件数,mom_pct,-21.6,％,2025-03,False
2024-06,detached,横浜市・川崎市,成約件数,mom_pct,10.7,％,2025-03,False
2024-07,detached,横浜市・川崎市,成約件数,mom_pct,9.1,％,2025-03,False
2024-08,detached,横浜市・川崎市,成約件数,mom_pct,-36.1,％,2025-03,False
2024-09,detached,横浜市・川崎市,成約件数,mom_pct,46.1,％,2025-03,False
2024-10,detached,横浜市・川崎市,成約件数,mom_pct,-11.3,％,2025-03,False
2024-11,detached,横浜市・川崎市,成約件数,mom_pct,20.1,％,2025-03,False
2024-12,detached,横浜市・川崎市,成約件数,mom_pct,-8.4,％,2025-03,False
2025-01,detached,横浜市・川崎市,成約件数,mom_pct,11.0,％,2025-03,False
2025-02,detached,横浜市・川崎市,成約件数,mom_pct,27.5,％,2025-03,False
2025-03,detached,横浜市・川崎市,成約件数,mom_pct,23.7,％,2025-03,False
2024-01,detached,横浜市・川崎市,成約件数,value,124,件,2025-01,False
2024-02,detached,横浜市・川崎市,成約件数,value,149,件,2025-02,False
2024-03,detached,横浜市・川崎市,成約件数,value,167,件,2025-03,False
2024-04,detached,横浜市・川崎市,成約件数,value,190,件,2025-04,False
2024-05,detached,横浜市・川崎市,成約件数,value,149,件,2025-05,False
2024-06,detached,横浜市・川崎市,成約件数,value,165,件,2025-06,False
2024-07,detached,横浜市・川崎市,成約件数,value,180,件,2025-06,False
2024-08,detached,横浜市・川崎市,成約件数,value,115,件,2025-06,False
2024-09,detached,横浜市・川崎市,成約件数,value,168,件,2025-06,False
2024-10,detached,横浜市・川崎市,成約件数,value,149,件,2025-06,False
2024-11,detached,横浜市・川崎市,成約件数,value,179,件,2025-06,False
2024-12,detached,横浜市・川崎市,成約件数,value,164,件,2025-06,False
2025-01,detached,横浜市・川崎市,成約件数,value,182,件,2025-06,False
2025-02,detached,横浜市・川崎市,成約件数,value,232,件,2025-06,False
2025-03,detached,横浜市・川崎市,成約件数,value,287,件,2025-06,False
2025-04,detached,横浜市・川崎市,成約件数,value,237,件,2025-06,False
2025-05,detached,横浜市・川崎市,成約件数,value,227,件,2025-06,False
2025-06,detached,横浜市・川崎市,成約件数,value,270,件,2025-06,False
2024-01,detached,横浜市・川崎市,成約件数,yoy_pct,-3.9,％,2025-01,False
2024-02,detached,横浜市・川崎市,成約件数,yoy_pct,-11.8,％,2025-02,False
2024-03,detached,横浜市・川崎市,成約件数,yoy_pct,-2.3,％,2025-03,False
2024-04,detached,横浜市・川崎市,成約件数,yoy_pct,15.2,％,2025-04,False
2024-05,detached,横浜市・川崎市,成約件数,yoy_pct,-8.0,％,2025-05,False
2024-06,detached,横浜市・川崎市,成約件数,yoy_pct,10.7,％,2025-06,False
2024-07,detached,横浜市・川崎市,成約件数,yoy_pct,-2.7,％,2025-06,False
2024-08,detached,横浜市・川崎市,成約件数,yoy_pct,8.5,％,2025-06,False
2024-09,detached,横浜市・川崎市,成約件数,yoy_pct,9.1,％,2025-06,False
2024-10,detached,横浜市・川崎市,成約件数,yoy_pct,-18.1,％,2025-06,False
2024-11,detached,横浜市・川崎市,成約件数,yoy_pct,38.8,％,2025-06,False
2024-12,detached,横浜市・川崎市,成約件数,yoy_pct,10.1,％,2025-06,False
2025-01,detached,横浜市・川崎市,成約件数,yoy_pct,46.8,％,2025-06,False
2025-02,detached,横浜市・川崎市,成約件数,yoy_pct,55.7,％,2025-06,False
2025-03,detached,横浜市・川崎市,成約件数,yoy_pct,71.9,％,2025-06,False
2025-04,detached,横浜市・川崎市,成約件数,yoy_pct,24.7,％,2025-06,False
2025-05,detached,横浜市・川崎市,成約件数,yoy_pct,52.3,％,2025-06,False
2025-06,detached,横浜市・川崎市,成約件数,yoy_pct,63.6,％,2025-06,False
2024-01,detached,横浜市・川崎市,成約価格,mom_pct,-8.8,％,2025-01,False
2024-02,detached,横浜市・川崎市,成約価格,mom_pct,9.5,％,2025-02,False
2024-03,detached,横浜市・川崎市,成約価格,mom_pct,7.7,％,2025-03,False
2024-04,detached,横浜市・川崎市,成約価格,mom_pct,-8.8,％,2025-04,False
2024-05,detached,横浜市・川崎市,成約価格,mom_pct,-2.6,％,2025-05,False
2024-06,detached,横浜市・川崎市,成約価格,mom_pct,3.4,％,2025-06,False
2024-07,detached,横浜市・川崎市,成約価格,mom_pct,-3.1,％,2025-06,False
2024-08,detached,横浜市・川崎市,成約価格,mom_pct,0.4,％,2025-06,False
2024-09,detached,横浜市・川崎市,成約価格,mom_pct,7.6,％,2025-06,False
2024-10,detached,横浜市・川崎市,成約価格,mom_pct,-6.4,％,2025-06,False
2024-11,detached,横浜市・川崎市,成約価格,mom_pct,2.7,％,2025-06,False
2024-12,detached,横浜市・川崎市,成約価格,mom_pct,-3.1,％,2025-06,False
2025-01,detached,横浜市・川崎市,成約価格,mom_pct,0.7,％,2025-06,False
2025-02,detached,横浜市・川崎市,成約価格,mom_pct,-1.7,％,2025-06,False
2025-03,detached,横浜市・川崎市,成約価格,mom_pct,6.0,％,2025-06,False
2025-04,detached,横浜市・川崎市,成約価格,mom_pct,-4.7,％,2025-06,False
2025-05,detached,横浜市・川崎市,成約価格,mom_pct,-2.7,％,2025-06,False
2025-06,detached,横浜市・川崎市,成約価格,mom_pct,4.7,％,2025-06,False
2024-01,detached,横浜市・川崎市,成約価格,value,4318,万円,2025-01,False
2024-02,detached,横浜市・川崎市,成約価格,value,4727,万円,2025-02,False
2024-03,detached,横浜市・川崎市,成約価格,value,5090,万円,2025-03,False
2024-04,detached,横浜市・川崎市,成約価格,value,4645,万円,2025-04,False
2024-05,detached,横浜市・川崎市,成約価格,value,4525,万円,2025-05,False
2024-06,detached,横浜市・川崎市,成約価格,value,4679,万円,2025-06,False
2024-07,detached,横浜市・川崎市,成約価格,value,4536,万円,2025-06,False
2024-08,detached,横浜市・川崎市,成約価格,value,4552,万円,2025-06,False
2024-09,detached,横浜市・川崎市,成約価格,value,4897,万円,2025-06,False
2024-10,detached,横浜市・川崎市,成約価格,value,4583,万円,2025-06,False
2024-11,detached,横浜市・川崎市,成約価格,value,4707,万円,2025-06,False
2024-12,detached,横浜市・川崎市,成約価格,value,4563,万円,2025-06,False
2025-01,detached,横浜市・川崎市,成約価格,value,4593,万円,2025-06,False
2025-02,detached,横浜市・川崎市,成約価格,value,4516,万円,2025-06,False
2025-03,detached,横浜市・川崎市,成約価格,value,4785,万円,2025-06,False
2025-04,detached,横浜市・川崎市,成約価格,value,4560,万円,2025-06,False
2025-05,detached,横浜市・川崎市,成約価格,value,4439,万円,2025-06,False
2025-06,detached,横浜市・川崎市,成約価格,value,4645,万円,2025-06,False
2024-01,detached,横浜市・川崎市,成約価格,yoy_pct,-1.9,％,2025-01,False
2024-02,detached,横浜市・川崎市,成約価格,yoy_pct,2.7,％,2025-02,False
2024-03,detached,横浜市・川崎市,成約価格,yoy_pct,10.0,％,2025-03,False
2024-04,detached,横浜市・川崎市,成約価格,yoy_pct,-1.3,％,2025-04,False
2024-05,detached,横浜市・川崎市,成約価格,yoy_pct,-2.1,％,2025-05,False
2024-06,detached,横浜市・川崎市,成約価格,yoy_pct,5.1,％,2025-06,False
2024-07,detached,横浜市・川崎市,成約価格,yoy_pct,0.8,％,2025-06,False
2024-08,detached,横浜市・川崎市,成約価格,yoy_pct,1.4,％,2025-06,False
2024-09,detached,横浜市・川崎市,成約価格,yoy_pct,1.2,％,2025-06,False
2024-10,detached,横浜市・川崎市,成約価格,yoy_pct,-7.3,％,2025-06,False
2024-11,detached,横浜市・川崎市,成約価格,yoy_pct,-2.0,％,2025-06,False
2024-12,detached,横浜市・川崎市,成約価格,yoy_pct,-3.6,％,2025-06,False
2025-01,detached,横浜市・川崎市,成約価格,yoy_pct,6.4,％,2025-06,False
2025-02,detached,横浜市・川崎市,成約価格,yoy_pct,-4.4,％,2025-06,False
2025-03,detached,横浜市・川崎市,成約価格,yoy_pct,-6.0,％,2025-06,False
2025-04,detached,横浜市・川崎市,成約価格,yoy_pct,-1.8,％,2025-06,False
2025-05,detached,横浜市・川崎市,成約価格,yoy_pct,-1.9,％,2025-06,False
2025-06,detached,横浜市・川崎市,成約価格,yoy_pct,-0.7,％,2025-06,False
2025-04,detached,横浜市・川崎市,成約土地面積,value,142.95,㎡,2025-04,False
2025-05,detached,横浜市・川崎市,成約土地面積,value,129.15,㎡,2025-05,False
2025-06,detached,横浜市・川崎市,成約土地面積,value,139.21,㎡,2025-06,False
2025-04,detached,横浜市・川崎市,成約土地面積,yoy_pct,14.5,％,2025-04,False
2025-05,detached,横浜市・川崎市,成約土地面積,yoy_pct,3.4,％,2025-05,False
2025-06,detached,横浜市・川崎市,成約土地面積,yoy_pct,4.8,％,2025-06,False
2025-04,detached,横浜市・川崎市,成約建物面積,value,106.63,㎡,2025-04,False
2025-05,detached,横浜市・川崎市,成約建物面積,value,103.94,㎡,2025-05,False
2025-06,detached,横浜市・川崎市,成約建物面積,value,106.21,㎡,2025-06,False
2025-04,detached,横浜市・川崎市,成約建物面積,yoy_pct,1.9,％,2025-04,False
2025-05,detached,横浜市・川崎市,成約建物面積,yoy_pct,-3.6,％,2025-05,False
2025-06,detached,横浜市・川崎市,成約建物面積,yoy_pct,-1.4,％,2025-06,False
2025-04,detached,横浜市・川崎市,成約築年数,value,21.91,年,2025-04,False
2025-05,detached,横浜市・川崎市,成約築年数,value,23.23,年,2025-05,False
2025-06,detached,横浜市・川崎市,成約築年数,value,23.98,年,2025-06,False
2024-01,detached,神奈川県,成約件数,mom_pct,-8.0,％,2025-01,False
2024-02,detached,神奈川県,成約件数,mom_pct,14.0,％,2025-02,False
2024-03,detached,神奈川県,成約件数,mom_pct,11.6,％,2025-03,False
2024-04,detached,神奈川県,成約件数,mom_pct,10.7,％,2025-03,False
2024-05,detached,神奈川県,成約件数,mom_pct,-23.4,％,2025-03,False
2024-06,detached,神奈川県,成約件数,mom_pct,19.8,％,2025-03,False
2024-07,detached,神奈川県,成約件数,mom_pct,3.5,％,2025-03,False
2024-08,detached,神奈川県,成約件数,mom_pct,-29.5,％,2025-03,False
2024-09,detached,神奈川県,成約件数,mom_pct,32.8,％,2025-03,False
2024-10,detached,神奈川県,成約件数,mom_pct,-10.2,％,2025-03,False
2024-11,detached,神奈川県,成約件数,mom_pct,14.3,％,2025-03,False
2024-12,detached,神奈川県,成約件数,mom_pct,-4.5,％,2025-03,False
2025-01,detached,神奈川県,成約件数,mom_pct,14.1,％,2025-03,False
2025-02,detached,神奈川県,成約件数,mom_pct,30.0,％,2025-03,False
2025-03,detached,神奈川県,成約件数,mom_pct,27.6,％,2025-03,False
2024-01,detached,神奈川県,成約件数,value,243,件,2025-01,False
2024-02,detached,神奈川県,成約件数,value,277,件,2025-02,False
2024-03,detached,神奈川県,成約件数,value,309,件,2025-03,False
2024-04,detached,神奈川県,成約件数,value,342,件,2025-04,False
2024-05,detached,神奈川県,成約件数,value,262,件,2025-05,False
2024-06,detached,神奈川県,成約件数,value,314,件,2025-06,False
2024-07,detached,神奈川県,成約件数,value,325,件,2025-06,False
2024-08,detached,神奈川県,成約件数,value,229,件,2025-06,False
2024-09,detached,神奈川県,成約件数,value,304,件,2025-06,False
2024-10,detached,神奈川県,成約件数,value,273,件,2025-06,False
2024-11,detached,神奈川県,成約件数,value,312,件,2025-06,False
2024-12,detached,神奈川県,成約件数,value,298,件,2025-06,False
2025-01,detached,神奈川県,成約件数,value,340,件,2025-06,False
2025-02,detached,神奈川県,成約件数,value,442,件,2025-06,False
2025-03,detached,神奈川県,成約件数,value,564,件,2025-06,False
2025-04,detached,神奈川県,成約件数,value,445,件,2025-06,False
2025-05,detached,神奈川県,成約件数,value,450,件,2025-06,False
2025-06,detached,神奈川県,成約件数,value,502,件,2025-06,False
2024-01,detached,神奈川県,成約件数,yoy_pct,-6.9,％,2025-01,False
2024-02,detached,神奈川県,成約件数,yoy_pct,-2.5,％,2025-02,False
2024-03,detached,神奈川県,成約件数,yoy_pct,0.7,％,2025-03,False
2024-04,detached,神奈川県,成約件数,yoy_pct,14.0,％,2025-04,False
2024-05,detached,神奈川県,成約件数,yoy_pct,-11.5,％,2025-05,False
2024-06,detached,神奈川県,成約件数,yoy_pct,9.8,％,2025-06,False
2024-07,detached,神奈川県,成約件数,yoy_pct,3.8,％,2025-06,False
2024-08,detached,神奈川県,成約件数,yoy_pct,19.3,％,2025-06,False
2024-09,detached,神奈川県,成約件数,yoy_pct,6.3,％,2025-06,False
2024-10,detached,神奈川県,成約件数,yoy_pct,-15.5,％,2025-06,False
2024-11,detached,神奈川県,成約件数,yoy_pct,24.8,％,2025-06,False
2024-12,detached,神奈川県,成約件数,yoy_pct,12.9,％,2025-06,False
2025-01,detached,神奈川県,成約件数,yoy_pct,39.9,％,2025-06,False
2025-02,detached,神奈川県,成約件数,yoy_pct,59.6,％,2025-06,False
2025-03,detached,神奈川県,成約件数,yoy_pct,82.5,％,2025-06,False
2025-04,detached,神奈川県,成約件数,yoy_pct,30.1,％,2025-06,False
2025-05,detached,神奈川県,成約件数,yoy_pct,71.8,％,2025-06,False
2025-06,detached,神奈川県,成約件数,yoy_pct,59.9,％,2025-06,False
2024-01,detached,神奈川県,成約価格,mom_pct,-10.3,％,2025-01,False
2024-02,detached,神奈川県,成約価格,mom_pct,8.5,％,2025-02,False
2024-03,detached,神奈川県,成約価格,mom_pct,6.8,％,2025-03,False
2024-04,detached,神奈川県,成約価格,mom_pct,1.0,％,2025-04,False
2024-05,detached,神奈川県,成約価格,mom_pct,-8.1,％,2025-05,False
2024-06,detached,神奈川県,成約価格,mom_pct,0.2,％,2025-06,False
2024-07,detached,神奈川県,成約価格,mom_pct,-0.5,％,2025-06,False
2024-08,detached,神奈川県,成約価格,mom_pct,7.0,％,2025-06,False
2024-09,detached,神奈川県,成約価格,mom_pct,-1.5,％,2025-06,False
2024-10,detached,神奈川県,成約価格,mom_pct,-8.4,％,2025-06,False
2024-11,detached,神奈川県,成約価格,mom_pct,5.1,％,2025-06,False
2024-12,detached,神奈川県,成約価格,mom_pct,5.5,％,2025-06,False
2025-01,detached,神奈川県,成約価格,mom_pct,-11.3,％,2025-06,False
2025-02,detached,神奈川県,成約価格,mom_pct,3.4,％,2025-06,False
2025-03,detached,神奈川県,成約価格,mom_pct,-1.5,％,2025-06,False
2025-04,detached,神奈川県,成約価格,mom_pct,-0.9,％,2025-06,False
2025-05,detached,神奈川県,成約価格,mom_pct,-0.5,％,2025-06,False
2025-06,detached,神奈川県,成約価格,mom_pct,2.3,％,2025-06,False
2024-01,detached,神奈川県,成約価格,value,3727,万円,2025-01,False
2024-02,detached,神奈川県,成約価格,value,4043,万円,2025-02,False
2024-03,detached,神奈川県,成約価格,value,4316,万円,2025-03,False
2024-04,detached,神奈川県,成約価格,value,4359,万円,2025-04,False
2024-05,detached,神奈川県,成約価格,value,4007,万円,2025-05,False
2024-06,detached,神奈川県,成約価格,value,4014,万円,2025-06,False
2024-07,detached,神奈川県,成約価格,value,3995,万円,2025-06,False
2024-08,detached,神奈川県,成約価格,value,4276,万円,2025-06,False
2024-09,detached,神奈川県,成約価格,value,4210,万円,2025-06,False
2024-10,detached,神奈川県,成約価格,value,3856,万円,2025-06,False
2024-11,detached,神奈川県,成約価格,value,4052,万円,2025-06,False
2024-12,detached,神奈川県,成約価格,value,4275,万円,2025-06,False
2025-01,detached,神奈川県,成約価格,value,3794,万円,2025-06,False
2025-02,detached,神奈川県,成約価格,value,3923,万円,2025-06,False
2025-03,detached,神奈川県,成約価格,value,3863,万円,2025-06,False
2025-04,detached,神奈川県,成約価格,value,3828,万円,2025-06,False
2025-05,detached,神奈川県,成約価格,value,3808,万円,2025-06,False
2025-06,detached,神奈川県,成約価格,value,3897,万円,2025-06,False
2024-01,detached,神奈川県,成約価格,yoy_pct,-8.1,％,2025-01,False
2024-02,detached,神奈川県,成約価格,yoy_pct,-5.4,％,2025-02,False
2024-03,detached,神奈川県,成約価格,yoy_pct,4.9,％,2025-03,False
2024-04,detached,神奈川県,成約価格,yoy_pct,3.4,％,2025-04,False
2024-05,detached,神奈川県,成約価格,yoy_pct,-1.7,％,2025-05,False
2024-06,detached,神奈川県,成約価格,yoy_pct,3.5,％,2025-06,False
2024-07,detached,神奈川県,成約価格,yoy_pct,-1.4,％,2025-06,False
2024-08,detached,神奈川県,成約価格,yoy_pct,9.5,％,2025-06,False
2024-09,detached,神奈川県,成約価格,yoy_pct,4.0,％,2025-06,False
2024-10,detached,神奈川県,成約価格,yoy_pct,-10.7,％,2025-06,False
2024-11,detached,神奈川県,成約価格,yoy_pct,0.8,％,2025-06,False
2024-12,detached,神奈川県,成約価格,yoy_pct,2.9,％,2025-06,False
2025-01,detached,神奈川県,成約価格,yoy_pct,1.8,％,2025-06,False
2025-02,detached,神奈川県,成約価格,yoy_pct,-3.0,％,2025-06,False
2025-03,detached,神奈川県,成約価格,yoy_pct,-10.5,％,2025-06,False
2025-04,detached,神奈川県,成約価格,yoy_pct,-12.2,％,2025-06,False
2025-05,detached,神奈川県,成約価格,yoy_pct,-5.0,％,2025-06,False
2025-06,detached,神奈川県,成約価格,yoy_pct,-2.9,％,2025-06,False
2025-04,detached,神奈川県,成約土地面積,value,164.8,㎡,2025-04,False
2025-05,detached,神奈川県,成約土地面積,value,142.87,㎡,2025-05,False
2025-06,detached,神奈川県,成約土地面積,value,145.65,㎡,2025-06,False
2025-04,detached,神奈川県,成約土地面積,yoy_pct,6.9,％,2025-04,False
2025-05,detached,神奈川県,成約土地面積,yoy_pct,8.4,％,2025-05,False
2025-06,detached,神奈川県,成約土地面積,yoy_pct,-2.2,％,2025-06,False
2025-04,detached,神奈川県,成約建物面積,value,106.06,㎡,2025-04,False
2025-05,detached,神奈川県,成約建物面積,value,105.18,㎡,2025-05,False
2025-06,detached,神奈川県,成約建物面積,value,104.22,㎡,2025-06,False
2025-04,detached,神奈川県,成約建物面積,yoy_pct,-1.7,％,2025-04,False
2025-05,detached,神奈川県,成約建物面積,yoy_pct,-0.9,％,2025-05,False
2025-06,detached,神奈川県,成約建物面積,yoy_pct,-2.7,％,2025-06,False
2025-04,detached,神奈川県,成約築年数,value,22.9,年,2025-04,False
2025-05,detached,神奈川県,成約築年数,value,24.6,年,2025-05,False
2025-06,detached,神奈川県,成約築年数,value,24.06,年,2025-06,False
2024-01,detached,神奈川県他,成約件数,mom_pct,3.5,％,2025-01,False
2024-02,detached,神奈川県他,成約件数,mom_pct,7.6,％,2025-02,False
2024-03,detached,神奈川県他,成約件数,mom_pct,10.9,％,2025-03,False
2024-04,detached,神奈川県他,成約件数,mom_pct,7.0,％,2025-03,False
2024-05,detached,神奈川県他,成約件数,mom_pct,-25.7,％,2025-03,False
2024-06,detached,神奈川県他,成約件数,mom_pct,31.9,％,2025-03,False
2024-07,detached,神奈川県他,成約件数,mom_pct,-2.7,％,2025-03,False
2024-08,detached,神奈川県他,成約件数,mom_pct,-21.4,％,2025-03,False
2024-09,detached,神奈川県他,成約件数,mom_pct,19.3,％,2025-03,False
2024-10,detached,神奈川県他,成約件数,mom_pct,-8.8,％,2025-03,False
2024-11,detached,神奈川県他,成約件数,mom_pct,7.3,％,2025-03,False
2024-12,detached,神奈川県他,成約件数,mom_pct,0.8,％,2025-03,False
2025-01,detached,神奈川県他,成約件数,mom_pct,17.9,％,2025-03,False
2025-02,detached,神奈川県他,成約件数,mom_pct,32.9,％,2025-03,False
2025-03,detached,神奈川県他,成約件数,mom_pct,31.9,％,2025-03,False
2024-01,detached,神奈川県他,成約件数,value,119,件,2025-01,False
2024-02,detached,神奈川県他,成約件数,value,128,件,2025-02,False
2024-03,detached,神奈川県他,成約件数,value,142,件,2025-03,False
2024-04,detached,神奈川県他,成約件数,value,152,件,2025-04,False
2024-05,detached,神奈川県他,成約件数,value,113,件,2025-05,False
2024-06,detached,神奈川県他,成約件数,value,149,件,2025-06,False
2024-07,detached,神奈川県他,成約件数,value,145,件,2025-06,False
2024-08,detached,神奈川県他,成約件数,value,114,件,2025-06,False
2024-09,detached,神奈川県他,成約件数,value,136,件,2025-06,False
2024-10,detached,神奈川県他,成約件数,value,124,件,2025-06,False
2024-11,detached,神奈川県他,成約件数,value,133,件,2025-06,False
2024-12,detached,神奈川県他,成約件数,value,134,件,2025-06,False
2025-01,detached,神奈川県他,成約件数,value,158,件,2025-06,False
2025-02,detached,神奈川県他,成約件数,value,210,件,2025-06,False
2025-03,detached,神奈川県他,成約件数,value,277,件,2025-06,False
2025-04,detached,神奈川県他,成約件数,value,208,件,2025-06,False
2025-05,detached,神奈川県他,成約件数,value,223,件,2025-06,False
2025-06,detached,神奈川県他,成約件数,value,232,件,2025-06,False
2024-01,detached,神奈川県他,成約件数,yoy_pct,-9.8,％,2025-01,False
2024-02,detached,神奈川県他,成約件数,yoy_pct,11.3,％,2025-02,False
2024-03,detached,神奈川県他,成約件数,yoy_pct,4.4,％,2025-03,False
2024-04,detached,神奈川県他,成約件数,yoy_pct,12.6,％,2025-04,False
2024-05,detached,神奈川県他,成約件数,yoy_pct,-15.7,％,2025-05,False
2024-06,detached,神奈川県他,成約件数,yoy_pct,8.8,％,2025-06,False
2024-07,detached,神奈川県他,成約件数,yoy_pct,13.3,％,2025-06,False
2024-08,detached,神奈川県他,成約件数,yoy_pct,32.6,％,2025-06,False
2024-09,detached,神奈川県他,成約件数,yoy_pct,3.0,％,2025-06,False
2024-10,detached,神奈川県他,成約件数,yoy_pct,-12.1,％,2025-06,False
2024-11,detached,神奈川県他,成約件数,yoy_pct,9.9,％,2025-06,False
2024-12,detached,神奈川県他,成約件数,yoy_pct,16.5,％,2025-06,False
2025-01,detached,神奈川県他,成約件数,yoy_pct,32.8,％,2025-06,False
2025-02,detached,神奈川県他,成約件数,yoy_pct,64.1,％,2025-06,False
2025-03,detached,神奈川県他,成約件数,yoy_pct,95.1,％,2025-06,False
2025-04,detached,神奈川県他,成約件数,yoy_pct,36.8,％,2025-06,False
2025-05,detached,神奈川県他,成約件数,yoy_pct,97.3,％,2025-06,False
2025-06,detached,神奈川県他,成約件数,yoy_pct,55.7,％,2025-06,False
2024-01,detached,神奈川県他,成約価格,mom_pct,-8.6,％,2025-01,False
2024-02,detached,神奈川県他,成約価格,mom_pct,4.4,％,2025-02,False
2024-03,detached,神奈川県他,成約価格,mom_pct,4.9,％,2025-03,False
2024-04,detached,神奈川県他,成約価格,mom_pct,17.5,％,2025-04,False
2024-05,detached,神奈川県他,成約価格,mom_pct,-16.9,％,2025-05,False
2024-06,detached,神奈川県他,成約価格,mom_pct,-1.4,％,2025-06,False
2024-07,detached,神奈川県他,成約価格,mom_pct,1.4,％,2025-06,False
2024-08,detached,神奈川県他,成約価格,mom_pct,20.3,％,2025-06,False
2024-09,detached,神奈川県他,成約価格,mom_pct,-15.9,％,2025-06,False
2024-10,detached,神奈川県他,成約価格,mom_pct,-11.3,％,2025-06,False
2024-11,detached,神奈川県他,成約価格,mom_pct,6.3,％,2025-06,False
2024-12,detached,神奈川県他,成約価格,mom_pct,23.7,％,2025-06,False
2025-01,detached,神奈川県他,成約価格,mom_pct,-26.7,％,2025-06,False
2025-02,detached,神奈川県他,成約価格,mom_pct,13.7,％,2025-06,False
2025-03,detached,神奈川県他,成約価格,mom_pct,-11.0,％,2025-06,False
2025-04,detached,神奈川県他,成約価格,mom_pct,3.0,％,2025-06,False
2025-05,detached,神奈川県他,成約価格,mom_pct,5.8,％,2025-06,False
2025-06,detached,神奈川県他,成約価格,mom_pct,-4.4,％,2025-06,False
2024-01,detached,神奈川県他,成約価格,value,3112,万円,2025-01,False
2024-02,detached,神奈川県他,成約価格,value,3247,万円,2025-02,False
2024-03,detached,神奈川県他,成約価格,value,3406,万円,2025-03,False
2024-04,detached,神奈川県他,成約価格,value,4002,万円,2025-04,False
2024-05,detached,神奈川県他,成約価格,value,3324,万円,2025-05,False
2024-06,detached,神奈川県他,成約価格,value,3278,万円,2025-06,False
2024-07,detached,神奈川県他,成約価格,value,3324,万円,2025-06,False
2024-08,detached,神奈川県他,成約価格,value,3997,万円,2025-06,False
2024-09,detached,神奈川県他,成約価格,value,3362,万円,2025-06,False
2024-10,detached,神奈川県他,成約価格,value,2982,万円,2025-06,False
2024-11,detached,神奈川県他,成約価格,value,3171,万円,2025-06,False
2024-12,detached,神奈川県他,成約価格,value,3923,万円,2025-06,False
2025-01,detached,神奈川県他,成約価格,value,2874,万円,2025-06,False
2025-02,detached,神奈川県他,成約価格,value,3267,万円,2025-06,False
2025-03,detached,神奈川県他,成約価格,value,2908,万円,2025-06,False
2025-04,detached,神奈川県他,成約価格,value,2994,万円,2025-06,False
2025-05,detached,神奈川県他,成約価格,value,3166,万円,2025-06,False
2025-06,detached,神奈川県他,成約価格,value,3026,万円,2025-06,False
2024-01,detached,神奈川県他,成約価格,yoy_pct,-16.3,％,2025-01,False
2024-02,detached,神奈川県他,成約価格,yoy_pct,-14.3,％,2025-02,False
2024-03,detached,神奈川県他,成約価格,yoy_pct,-2.0,％,2025-03,False
2024-04,detached,神奈川県他,成約価格,yoy_pct,10.5,％,2025-04,False
2024-05,detached,神奈川県他,成約価格,yoy_pct,-2.8,％,2025-05,False
2024-06,detached,神奈川県他,成約価格,yoy_pct,0.6,％,2025-06,False
2024-07,detached,神奈川県他,成約価格,yoy_pct,-2.3,％,2025-06,False
2024-08,detached,神奈川県他,成約価格,yoy_pct,25.7,％,2025-06,False
2024-09,detached,神奈川県他,成約価格,yoy_pct,7.6,％,2025-06,False
2024-10,detached,神奈川県他,成約価格,yoy_pct,-15.2,％,2025-06,False
2024-11,detached,神奈川県他,成約価格,yoy_pct,-0.5,％,2025-06,False
2024-12,detached,神奈川県他,成約価格,yoy_pct,15.2,％,2025-06,False
2025-01,detached,神奈川県他,成約価格,yoy_pct,-7.6,％,2025-06,False
2025-02,detached,神奈川県他,成約価格,yoy_pct,0.6,％,2025-06,False
2025-03,detached,神奈川県他,成約価格,yoy_pct,-14.6,％,2025-06,False
2025-04,detached,神奈川県他,成約価格,yoy_pct,-25.2,％,2025-06,False
2025-05,detached,神奈川県他,成約価格,yoy_pct,-4.8,％,2025-06,False
2025-06,detached,神奈川県他,成約価格,yoy_pct,-7.7,％,2025-06,False
2025-04,detached,神奈川県他,成約土地面積,value,189.7,㎡,2025-04,False
2025-05,detached,神奈川県他,成約土地面積,value,156.84,㎡,2025-05,False
2025-06,detached,神奈川県他,成約土地面積,value,153.15,㎡,2025-06,False
2025-04,detached,神奈川県他,成約土地面積,yoy_pct,-0.6,％,2025-04,False
2025-05,detached,神奈川県他,成約土地面積,yoy_pct,11.3,％,2025-05,False
2025-06,detached,神奈川県他,成約土地面積,yoy_pct,-8.2,％,2025-06,False
2025-04,detached,神奈川県他,成約建物面積,value,105.41,㎡,2025-04,False
2025-05,detached,神奈川県他,成約建物面積,value,106.44,㎡,2025-05,False
2025-06,detached,神奈川県他,成約建物面積,value,101.9,㎡,2025-06,False
2025-04,detached,神奈川県他,成約建物面積,yoy_pct,-5.9,％,2025-04,False
2025-05,detached,神奈川県他,成約建物面積,yoy_pct,2.5,％,2025-05,False
2025-06,detached,神奈川県他,成約建物面積,yoy_pct,-4.3,％,2025-06,False
2025-04,detached,神奈川県他,成約築年数,value,24.03,年,2025-04,False
2025-05,detached,神奈川県他,成約築年数,value,25.99,年,2025-05,False
2025-06,detached,神奈川県他,成約築年数,value,24.15,年,2025-06,False
2024-01,detached,首都圏,在庫件数,mom_pct,3.2,％,2025-01,False
2024-02,detached,首都圏,在庫件数,mom_pct,3.0,％,2025-02,False
2024-03,detached,首都圏,在庫件数,mom_pct,0.4,％,2025-03,False
2024-04,detached,首都圏,在庫件数,mom_pct,0.7,％,2025-03,False
2024-05,detached,首都圏,在庫件数,mom_pct,0.6,％,2025-03,False
2024-06,detached,首都圏,在庫件数,mom_pct,-0.1,％,2025-03,False
2024-07,detached,首都圏,在庫件数,mom_pct,0.7,％,2025-03,False
2024-08,detached,首都圏,在庫件数,mom_pct,1.8,％,2025-03,False
2024-09,detached,首都圏,在庫件数,mom_pct,0.8,％,2025-03,False
2024-10,detached,首都圏,在庫件数,mom_pct,1.5,％,2025-03,False
2024-11,detached,首都圏,在庫件数,mom_pct,0.5,％,2025-03,False
2024-12,detached,首都圏,在庫件数,mom_pct,0.6,％,2025-03,False
2025-01,detached,首都圏,在庫件数,mom_pct,2.2,％,2025-03,False
2025-02,detached,首都圏,在庫件数,mom_pct,1.1,％,2025-03,False
2025-03,detached,首都圏,在庫件数,mom_pct,-0.7,％,2025-03,False
2024-01,detached,首都圏,在庫件数,value,20654,件,2025-01,False
2024-02,detached,首都圏,在庫件数,value,21268,件,2025-02,False
2024-03,detached,首都圏,在庫件数,value,21360,件,2025-03,False
2024-04,detached,首都圏,在庫件数,value,21520,件,2025-04,False
2024-05,detached,首都圏,在庫件数,value,21649,件,2025-05,False
2024-06,detached,首都圏,在庫件数,value,21623,件,2025-06,False
2024-07,detached,首都圏,在庫件数,value,21783,件,2025-06,False
2024-08,detached,首都圏,在庫件数,value,22166,件,2025-06,False
2024-09,detached,首都圏,在庫件数,value,22347,件,2025-06,False
2024-10,detached,首都圏,在庫件数,value,22676,件,2025-06,False
2024-11,detached,首都圏,在庫件数,value,22795,件,2025-06,False
2024-12,detached,首都圏,在庫件数,value,22937,件,2025-06,False
2025-01,detached,首都圏,在庫件数,value,23451,件,2025-06,False
2025-02,detached,首都圏,在庫件数,value,23698,件,2025-06,False
2025-03,detached,首都圏,在庫件数,value,23525,件,2025-06,False
2025-04,detached,首都圏,在庫件数,value,23557,件,2025-06,False
2025-05,detached,首都圏,在庫件数,value,23480,件,2025-06,False
2025-06,detached,首都圏,在庫件数,value,23341,件,2025-06,False
2024-01,detached,首都圏,在庫件数,yoy_pct,35.0,％,2025-01,False
2024-02,detached,首都圏,在庫件数,yoy_pct,33.0,％,2025-02,False
2024-03,detached,首都圏,在庫件数,yoy_pct,29.7,％,2025-03,False
2024-04,detached,首都圏,在庫件数,yoy_pct,26.1,％,2025-04,False
2024-05,detached,首都圏,在庫件数,yoy_pct,25.0,％,2025-05,False
2024-06,detached,首都圏,在庫件数,yoy_pct,22.3,％,2025-06,False
2024-07,detached,首都圏,在庫件数,yoy_pct,21.6,％,2025-06,False
2024-08,detached,首都圏,在庫件数,yoy_pct,21.3,％,2025-06,False
2024-09,detached,首都圏,在庫件数,yoy_pct,17.8,％,2025-06,False
2024-10,detached,首都圏,在庫件数,yoy_pct,16.6,％,2025-06,False
2024-11,detached,首都圏,在庫件数,yoy_pct,14.0,％,2025-06,False
2024-12,detached,首都圏,在庫件数,yoy_pct,14.6,％,2025-06,False
2025-01,detached,首都圏,在庫件数,yoy_pct,13.5,％,2025-06,False
2025-02,detached,首都圏,在庫件数,yoy_pct,11.4,％,2025-06,False
2025-03,detached,首都圏,在庫件数,yoy_pct,10.1,％,2025-06,False
2025-04,detached,首都圏,在庫件数,yoy_pct,9.5,％,2025-06,False
2025-05,detached,首都圏,在庫件数,yoy_pct,8.5,％,2025-06,False
2025-06,detached,首都圏,在庫件数,yoy_pct,7.9,％,2025-06,False
2024-01,detached,首都圏,在庫価格,mom_pct,0.1,％,2025-01,False
2024-02,detached,首都圏,在庫価格,mom_pct,-0.9,％,2025-02,False
2024-03,detached,首都圏,在庫価格,mom_pct,-0.9,％,2025-03,False
2024-04,detached,首都圏,在庫価格,mom_pct,-0.3,％,2025-04,False
2024-05,detached,首都圏,在庫価格,mom_pct,0.5,％,2025-05,False
2024-06,detached,首都圏,在庫価格,mom_pct,-0.5,％,2025-06,False
2024-07,detached,首都圏,在庫価格,mom_pct,0.8,％,2025-06,False
2024-08,detached,首都圏,在庫価格,mom_pct,-0.6,％,2025-06,False
2024-09,detached,首都圏,在庫価格,mom_pct,0.6,％,2025-06,False
2024-10,detached,首都圏,在庫価格,mom_pct,1.1,％,2025-06,False
2024-11,detached,首都圏,在庫価格,mom_pct,-1.0,％,2025-06,False
2024-12,detached,首都圏,在庫価格,mom_pct,-0.9,％,2025-06,False
2025-01,detached,首都圏,在庫価格,mom_pct,0.7,％,2025-06,False
2025-02,detached,首都圏,在庫価格,mom_pct,-0.2,％,2025-06,False
2025-03,detached,首都圏,在庫価格,mom_pct,0.1,％,2025-06,False
2025-04,detached,首都圏,在庫価格,mom_pct,0.9,％,2025-06,False
2025-05,detached,首都圏,在庫価格,mom_pct,-0.2,％,2025-06,False
2025-06,detached,首都圏,在庫価格,mom_pct,0.6,％,2025-06,False
2024-01,detached,首都圏,在庫価格,value,4440,万円,2025-01,False
2024-02,detached,首都圏,在庫価格,value,4400,万円,2025-02,False
2024-03,detached,首都圏,在庫価格,value,4360,万円,2025-03,False
2024-04,detached,首都圏,在庫価格,value,4345,万円,2025-04,False
2024-05,detached,首都圏,在庫価格,value,4368,万円,2025-05,False
2024-06,detached,首都圏,在庫価格,value,4346,万円,2025-06,False
2024-07,detached,首都圏,在庫価格,value,4379,万円,2025-06,False
2024-08,detached,首都圏,在庫価格,value,4351,万円,2025-06,False
2024-09,detached,首都圏,在庫価格,value,4376,万円,2025-06,False
2024-10,detached,首都圏,在庫価格,value,4424,万円,2025-06,False
2024-11,detached,首都圏,在庫価格,value,4378,万円,2025-06,False
2024-12,detached,首都圏,在庫価格,value,4337,万円,2025-06,False
2025-01,detached,首都圏,在庫価格,value,4368,万円,2025-06,False
2025-02,detached,首都圏,在庫価格,value,4361,万円,2025-06,False
2025-03,detached,首都圏,在庫価格,value,4364,万円,2025-06,False
2025-04,detached,首都圏,在庫価格,value,4403,万円,2025-06,False
2025-05,detached,首都圏,在庫価格,value,4396,万円,2025-06,False
2025-06,detached,首都圏,在庫価格,value,4421,万円,2025-06,False
2024-01,detached,首都圏,在庫価格,yoy_pct,-3.7,％,2025-01,False
2024-02,detached,首都圏,在庫価格,yoy_pct,-3.9,％,2025-02,False
2024-03,detached,首都圏,在庫価格,yoy_pct,-3.5,％,2025-03,False
2024-04,detached,首都圏,在庫価格,yoy_pct,-4.4,％,2025-04,False
2024-05,detached,首都圏,在庫価格,yoy_pct,-3.9,％,2025-05,False
2024-06,detached,首都圏,在庫価格,yoy_pct,-2.7,％,2025-06,False
2024-07,detached,首都圏,在庫価格,yoy_pct,-1.0,％,2025-06,False
2024-08,detached,首都圏,在庫価格,yoy_pct,-1.7,％,2025-06,False
2024-09,detached,首都圏,在庫価格,yoy_pct,-0.8,％,2025-06,False
2024-10,detached,首都圏,在庫価格,yoy_pct,-0.02,％,2025-06,True
2024-11,detached,首都圏,在庫価格,yoy_pct,-1.5,％,2025-06,False
2024-12,detached,首都圏,在庫価格,yoy_pct,-2.2,％,2025-06,False
2025-01,detached,首都圏,在庫価格,yoy_pct,-1.6,％,2025-06,False
2025-02,detached,首都圏,在庫価格,yoy_pct,-0.9,％,2025-06,False
2025-03,detached,首都圏,在庫価格,yoy_pct,0.1,％,2025-06,False
2025-04,detached,首都圏,在庫価格,yoy_pct,1.3,％,2025-06,False
2025-05,detached,首都圏,在庫価格,yoy_pct,0.6,％,2025-06,False
2025-06,detached,首都圏,在庫価格,yoy_pct,1.7,％,2025-06,False
2024-04,detached,首都圏,在庫土地面積,mom_pct,-0.4,％,2025-04,False
2024-05,detached,首都圏,在庫土地面積,mom_pct,1.0,％,2025-05,False
2024-06,detached,首都圏,在庫土地面積,mom_pct,-0.8,％,2025-06,False
2024-07,detached,首都圏,在庫土地面積,mom_pct,-0.2,％,2025-06,False
2024-08,detached,首都圏,在庫土地面積,mom_pct,0.3,％,2025-06,False
2024-09,detached,首都圏,在庫土地面積,mom_pct,0.7,％,2025-06,False
2024-10,detached,首都圏,在庫土地面積,mom_pct,1.1,％,2025-06,False
2024-11,detached,首都圏,在庫土地面積,mom_pct,-0.7,％,2025-06,False
2024-12,detached,首都圏,在庫土地面積,mom_pct,0.3,％,2025-06,False
2025-01,detached,首都圏,在庫土地面積,mom_pct,-0.8,％,2025-06,False
2025-02,detached,首都圏,在庫土地面積,mom_pct,0.2,％,2025-06,False
2025-03,detached,首都圏,在庫土地面積,mom_pct,1.1,％,2025-06,False
2025-04,detached,首都圏,在庫土地面積,mom_pct,-0.2,％,2025-06,False
2025-05,detached,首都圏,在庫土地面積,mom_pct,1.3,％,2025-06,False
2025-06,detached,首都圏,在庫土地面積,mom_pct,0.5,％,2025-06,False
2024-04,detached,首都圏,在庫土地面積,value,173.03,㎡,2025-04,False
2024-05,detached,首都圏,在庫土地面積,value,174.84,㎡,2025-05,False
2024-06,detached,首都圏,在庫土地面積,value,173.46,㎡,2025-06,False
2024-07,detached,首都圏,在庫土地面積,value,173.1,㎡,2025-06,False
2024-08,detached,首都圏,在庫土地面積,value,173.65,㎡,2025-06,False
2024-09,detached,首都圏,在庫土地面積,value,174.91,㎡,2025-06,False
2024-10,detached,首都圏,在庫土地面積,value,176.88,㎡,2025-06,False
2024-11,detached,首都圏,在庫土地面積,value,175.59,㎡,2025-06,False
2024-12,detached,首都圏,在庫土地面積,value,176.21,㎡,2025-06,False
2025-01,detached,首都圏,在庫土地面積,value,174.75,㎡,2025-06,False
2025-02,detached,首都圏,在庫土地面積,value,175.13,㎡,2025-06,False
2025-03,detached,首都圏,在庫土地面積,value,177.12,㎡,2025-06,False
2025-04,detached,首都圏,在庫土地面積,value,176.73,㎡,2025-06,False
2025-05,detached,首都圏,在庫土地面積,value,179.04,㎡,2025-06,False
2025-06,detached,首都圏,在庫土地面積,value,179.91,㎡,2025-06,False
2024-04,detached,首都圏,在庫土地面積,yoy_pct,-1.3,％,2025-04,False
2024-05,detached,首都圏,在庫土地面積,yoy_pct,-0.4,％,2025-05,False
2024-06,detached,首都圏,在庫土地面積,yoy_pct,-1.6,％,2025-06,False
2024-07,detached,首都圏,在庫土地面積,yoy_pct,-2.1,％,2025-06,False
2024-08,detached,首都圏,在庫土地面積,yoy_pct,0.1,％,2025-06,False
2024-09,detached,首都圏,在庫土地面積,yoy_pct,0.5,％,2025-06,False
2024-10,detached,首都圏,在庫土地面積,yoy_pct,0.4,％,2025-06,False
2024-11,detached,首都圏,在庫土地面積,yoy_pct,-0.7,％,2025-06,False
2024-12,detached,首都圏,在庫土地面積,yoy_pct,1.6,％,2025-06,False
2025-01,detached,首都圏,在庫土地面積,yoy_pct,1.1,％,2025-06,False
2025-02,detached,首都圏,在庫土地面積,yoy_pct,0.6,％,2025-06,False
2025-03,detached,首都圏,在庫土地面積,yoy_pct,2.0,％,2025-06,False
2025-04,detached,首都圏,在庫土地面積,yoy_pct,2.1,％,2025-06,False
2025-05,detached,首都圏,在庫土地面積,yoy_pct,2.4,％,2025-06,False
2025-06,detached,首都圏,在庫土地面積,yoy_pct,3.7,％,2025-06,False
2024-04,detached,首都圏,在庫建物面積,mom_pct,0.01,％,2025-04,False
2024-05,detached,首都圏,在庫建物面積,mom_pct,0.4,％,2025-05,False
2024-06,detached,首都圏,在庫建物面積,mom_pct,-0.4,％,2025-06,False
2024-07,detached,首都圏,在庫建物面積,mom_pct,-0.1,％,2025-06,False
2024-08,detached,首都圏,在庫建物面積,mom_pct,-0.1,％,2025-06,False
2024-09,detached,首都圏,在庫建物面積,mom_pct,0.3,％,2025-06,False
2024-10,detached,首都圏,在庫建物面積,mom_pct,0.1,％,2025-06,False
2024-11,detached,首都圏,在庫建物面積,mom_pct,-0.3,％,2025-06,False
2024-12,detached,首都圏,在庫建物面積,mom_pct,0.3,％,2025-06,False
2025-01,detached,首都圏,在庫建物面積,mom_pct,-0.7,％,2025-06,False
2025-02,detached,首都圏,在庫建物面積,mom_pct,-0.01,％,2025-06,False
2025-03,detached,首都圏,在庫建物面積,mom_pct,0.2,％,2025-06,False
2025-04,detached,首都圏,在庫建物面積,mom_pct,0.1,％,2025-06,False
2025-05,detached,首都圏,在庫建物面積,mom_pct,-0.1,％,2025-06,False
2025-06,detached,首都圏,在庫建物面積,mom_pct,0.1,％,2025-06,False
2024-04,detached,首都圏,在庫建物面積,value,107.76,㎡,2025-04,False
2024-05,detached,首都圏,在庫建物面積,value,108.23,㎡,2025-05,False
2024-06,detached,首都圏,在庫建物面積,value,107.8,㎡,2025-06,False
2024-07,detached,首都圏,在庫建物面積,value,107.66,㎡,2025-06,False
2024-08,detached,首都圏,在庫建物面積,value,107.6,㎡,2025-06,False
2024-09,detached,首都圏,在庫建物面積,value,107.87,㎡,2025-06,False
2024-10,detached,首都圏,在庫建物面積,value,107.96,㎡,2025-06,False
2024-11,detached,首都圏,在庫建物面積,value,107.68,㎡,2025-06,False
2024-12,detached,首都圏,在庫建物面積,value,108.03,㎡,2025-06,False
2025-01,detached,首都圏,在庫建物面積,value,107.3,㎡,2025-06,False
2025-02,detached,首都圏,在庫建物面積,value,107.29,㎡,2025-06,False
2025-03,detached,首都圏,在庫建物面積,value,107.49,㎡,2025-06,False
2025-04,detached,首都圏,在庫建物面積,value,107.56,㎡,2025-06,False
2025-05,detached,首都圏,在庫建物面積,value,107.44,㎡,2025-06,False
2025-06,detached,首都圏,在庫建物面積,value,107.51,㎡,2025-06,False
2024-04,detached,首都圏,在庫建物面積,yoy_pct,-1.8,％,2025-04,False
2024-05,detached,首都圏,在庫建物面積,yoy_pct,-1.2,％,2025-05,False
2024-06,detached,首都圏,在庫建物面積,yoy_pct,-1.4,％,2025-06,False
2024-07,detached,首都圏,在庫建物面積,yoy_pct,-0.9,％,2025-06,False
2024-08,detached,首都圏,在庫建物面積,yoy_pct,-0.8,％,2025-06,False
2024-09,detached,首都圏,在庫建物面積,yoy_pct,-0.4,％,2025-06,False
2024-10,detached,首都圏,在庫建物面積,yoy_pct,-0.4,％,2025-06,False
2024-11,detached,首都圏,在庫建物面積,yoy_pct,-0.6,％,2025-06,False
2024-12,detached,首都圏,在庫建物面積,yoy_pct,-0.1,％,2025-06,False
2025-01,detached,首都圏,在庫建物面積,yoy_pct,-0.9,％,2025-06,False
2025-02,detached,首都圏,在庫建物面積,yoy_pct,-0.9,％,2025-06,False
2025-03,detached,首都圏,在庫建物面積,yoy_pct,-0.2,％,2025-06,False
2025-04,detached,首都圏,在庫建物面積,yoy_pct,-0.2,％,2025-06,False
2025-05,detached,首都圏,在庫建物面積,yoy_pct,-0.7,％,2025-06,False
2025-06,detached,首都圏,在庫建物面積,yoy_pct,-0.3,％,2025-06,False
2024-04,detached,首都圏,在庫築年数,value,24.63,年,2025-04,False
2024-05,detached,首都圏,在庫築年数,value,24.7,年,2025-05,False
2024-06,detached,首都圏,在庫築年数,value,24.81,年,2025-06,False
2024-07,detached,首都圏,在庫築年数,value,24.91,年,2025-06,False
2024-08,detached,首都圏,在庫築年数,value,24.92,年,2025-06,False
2024-09,detached,首都圏,在庫築年数,value,25.12,年,2025-06,False
2024-10,detached,首都圏,在庫築年数,value,25.05,年,2025-06,False
2024-11,detached,首都圏,在庫築年数,value,25.03,年,2025-06,False
2024-12,detached,首都圏,在庫築年数,value,24.96,年,2025-06,False
2025-01,detached,首都圏,在庫築年数,value,24.97,年,2025-06,False
2025-02,detached,首都圏,在庫築年数,value,25.0,年,2025-06,False
2025-03,detached,首都圏,在庫築年数,value,25.05,年,2025-06,False
2025-04,detached,首都圏,在庫築年数,value,25.13,年,2025-06,False
2025-05,detached,首都圏,在庫築年数,value,25.35,年,2025-06,False
2025-06,detached,首都圏,在庫築年数,value,25.54,年,2025-06,False
2024-01,detached,首都圏,成約件数,mom_pct,-11.1,％,2025-01,False
2024-02,detached,首都圏,成約件数,mom_pct,21.3,％,2025-02,False
2024-03,detached,首都圏,成約件数,mom_pct,15.6,％,2025-03,False
2024-04,detached,首都圏,成約件数,mom_pct,-9.3,％,2025-03,False
2024-05,detached,首都圏,成約件数,mom_pct,-10.4,％,2025-03,False
2024-06,detached,首都圏,成約件数,mom_pct,18.8,％,2025-03,False
2024-07,detached,首都圏,成約件数,mom_pct,-4.3,％,2025-03,False
2024-08,detached,首都圏,成約件数,mom_pct,-23.7,％,2025-03,False
2024-09,detached,首都圏,成約件数,mom_pct,34.7,％,2025-03,False
2024-10,detached,首都圏,成約件数,mom_pct,-8.4,％,2025-03,False
2024-11,detached,首都圏,成約件数,mom_pct,7.5,％,2025-03,False
2024-12,detached,首都圏,成約件数,mom_pct,-7.4,％,2025-03,False
2025-01,detached,首都圏,成約件数,mom_pct,9.4,％,2025-03,False
2025-02,detached,首都圏,成約件数,mom_pct,32.1,％,2025-03,False
2025-03,detached,首都圏,成約件数,mom_pct,29.9,％,2025-03,False
2025-04,detached,首都圏,成約件数,mom_pct,,％,2025-04,False
2025-05,detached,首都圏,成約件数,mom_pct,,％,2025-05,False
2025-06,detached,首都圏,成約件数,mom_pct,,％,2025-06,False
2024-01,detached,首都圏,成約件数,value,962,件,2025-01,False
2024-02,detached,首都圏,成約件数,value,1167,件,2025-02,False
2024-03,detached,首都圏,成約件数,value,1349,件,2025-03,False
2024-04,detached,首都圏,成約件数,value,1223,件,2025-04,False
2024-05,detached,首都圏,成約件数,value,1096,件,2025-05,False
2024-06,detached,首都圏,成約件数,value,1302,件,2025-06,False
2024-07,detached,首都圏,成約件数,value,1246,件,2025-06,False
2024-08,detached,首都圏,成約件数,value,951,件,2025-06,False
2024-09,detached,首都圏,成約件数,value,1281,件,2025-06,False
2024-10,detached,首都圏,成約件数,value,1174,件,2025-06,False
2024-11,detached,首都圏,成約件数,value,1262,件,2025-06,False
2024-12,detached,首都圏,成約件数,value,1169,件,2025-06,False
2025-01,detached,首都圏,成約件数,value,1279,件,2025-06,False
2025-02,detached,首都圏,成約件数,value,1690,件,2025-06,False
2025-03,detached,首都圏,成約件数,value,2196,件,2025-06,False
2025-04,detached,首都圏,成約件数,value,1777,件,2025-06,False
2025-05,detached,首都圏,成約件数,value,1784,件,2025-06,False
2025-06,detached,首都圏,成約件数,value,1943,件,2025-06,False
2024-01,detached,首都圏,成約件数,yoy_pct,1.7,％,2025-01,False
2024-02,detached,首都圏,成約件数,yoy_pct,10.4,％,2025-02,False
2024-03,detached,首都圏,成約件数,yoy_pct,13.7,％,2025-03,False
2024-04,detached,首都圏,成約件数,yoy_pct,14.2,％,2025-04,False
2024-05,detached,首都圏,成約件数,yoy_pct,-1.4,％,2025-05,False
2024-06,detached,首都圏,成約件数,yoy_pct,14.4,％,2025-06,False
2024-07,detached,首都圏,成約件数,yoy_pct,7.9,％,2025-06,False
2024-08,detached,首都圏,成約件数,yoy_pct,13.6,％,2025-06,False
2024-09,detached,首都圏,成約件数,yoy_pct,16.6,％,2025-06,False
2024-10,detached,首都圏,成約件数,yoy_pct,-3.8,％,2025-06,False
2024-11,detached,首都圏,成約件数,yoy_pct,30.2,％,2025-06,False
2024-12,detached,首都圏,成約件数,yoy_pct,8.0,％,2025-06,False
2025-01,detached,首都圏,成約件数,yoy_pct,33.0,％,2025-06,False
2025-02,detached,首都圏,成約件数,yoy_pct,44.8,％,2025-06,False
2025-03,detached,首都圏,成約件数,yoy_pct,62.8,％,2025-06,False
2025-04,detached,首都圏,成約件数,yoy_pct,45.3,％,2025-06,False
2025-05,detached,首都圏,成約件数,yoy_pct,62.8,％,2025-06,False
2025-06,detached,首都圏,成約件数,yoy_pct,49.2,％,2025-06,False
2024-01,detached,首都圏,成約価格,mom_pct,-3.1,％,2025-01,False
2024-02,detached,首都圏,成約価格,mom_pct,2.4,％,2025-02,False
2024-03,detached,首都圏,成約価格,mom_pct,6.2,％,2025-03,False
2024-04,detached,首都圏,成約価格,mom_pct,-2.5,％,2025-04,False
2024-05,detached,首都圏,成約価格,mom_pct,-4.2,％,2025-05,False
2024-06,detached,首都圏,成約価格,mom_pct,3.9,％,2025-06,False
2024-07,detached,首都圏,成約価格,mom_pct,-2.9,％,2025-06,False
2024-08,detached,首都圏,成約価格,mom_pct,-3.0,％,2025-06,False
2024-09,detached,首都圏,成約価格,mom_pct,7.3,％,2025-06,False
2024-10,detached,首都圏,成約価格,mom_pct,-7.0,％,2025-06,False
2024-11,detached,首都圏,成約価格,mom_pct,3.2,％,2025-06,False
2024-12,detached,首都圏,成約価格,mom_pct,5.2,％,2025-06,False
2025-01,detached,首都圏,成約価格,mom_pct,-7.6,％,2025-06,False
2025-02,detached,首都圏,成約価格,mom_pct,3.5,％,2025-06,False
2025-03,detached,首都圏,成約価格,mom_pct,2.8,％,2025-06,False
2025-04,detached,首都圏,成約価格,mom_pct,-5.6,％,2025-06,False
2025-05,detached,首都圏,成約価格,mom_pct,2.0,％,2025-06,False
2025-06,detached,首都圏,成約価格,mom_pct,1.5,％,2025-06,False
2024-01,detached,首都圏,成約価格,value,3803,万円,2025-01,False
2024-02,detached,首都圏,成約価格,value,3895,万円,2025-02,False
2024-03,detached,首都圏,成約価格,value,4137,万円,2025-03,False
2024-04,detached,首都圏,成約価格,value,4035,万円,2025-04,False
2024-05,detached,首都圏,成約価格,value,3864,万円,2025-05,False
2024-06,detached,首都圏,成約価格,value,4016,万円,2025-06,False
2024-07,detached,首都圏,成約価格,value,3900,万円,2025-06,False
2024-08,detached,首都圏,成約価格,value,3784,万円,2025-06,False
2024-09,detached,首都圏,成約価格,value,4061,万円,2025-06,False
2024-10,detached,首都圏,成約価格,value,3776,万円,2025-06,False
2024-11,detached,首都圏,成約価格,value,3895,万円,2025-06,False
2024-12,detached,首都圏,成約価格,value,4099,万円,2025-06,False
2025-01,detached,首都圏,成約価格,value,3785,万円,2025-06,False
2025-02,detached,首都圏,成約価格,value,3920,万円,2025-06,False
2025-03,detached,首都圏,成約価格,value,4030,万円,2025-06,False
2025-04,detached,首都圏,成約価格,value,3804,万円,2025-06,False
2025-05,detached,首都圏,成約価格,value,3880,万円,2025-06,False
2025-06,detached,首都圏,成約価格,value,3937,万円,2025-06,False
2024-01,detached,首都圏,成約価格,yoy_pct,-0.6,％,2025-01,False
2024-02,detached,首都圏,成約価格,yoy_pct,0.8,％,2025-02,False
2024-03,detached,首都圏,成約価格,yoy_pct,5.7,％,2025-03,False
2024-04,detached,首都圏,成約価格,yoy_pct,4.4,％,2025-04,False
2024-05,detached,首都圏,成約価格,yoy_pct,3.8,％,2025-05,False
2024-06,detached,首都圏,成約価格,yoy_pct,7.1,％,2025-06,False
2024-07,detached,首都圏,成約価格,yoy_pct,1.4,％,2025-06,False
2024-08,detached,首都圏,成約価格,yoy_pct,1.6,％,2025-06,False
2024-09,detached,首都圏,成約価格,yoy_pct,3.5,％,2025-06,False
2024-10,detached,首都圏,成約価格,yoy_pct,-4.3,％,2025-06,False
2024-11,detached,首都圏,成約価格,yoy_pct,2.1,％,2025-06,False
2024-12,detached,首都圏,成約価格,yoy_pct,4.4,％,2025-06,False
2025-01,detached,首都圏,成約価格,yoy_pct,-0.5,％,2025-06,False
2025-02,detached,首都圏,成約価格,yoy_pct,0.6,％,2025-06,False
2025-03,detached,首都圏,成約価格,yoy_pct,-2.6,％,2025-06,False
2025-04,detached,首都圏,成約価格,yoy_pct,-5.7,％,2025-06,False
2025-05,detached,首都圏,成約価格,yoy_pct,0.4,％,2025-06,False
2025-06,detached,首都圏,成約価格,yoy_pct,-1.9,％,2025-06,False
2024-04,detached,首都圏,成約土地面積,mom_pct,3.0,％,2025-04,False
2024-05,detached,首都圏,成約土地面積,mom_pct,-8.4,％,2025-05,False
2024-06,detached,首都圏,成約土地面積,mom_pct,7.2,％,2025-06,False
2024-07,detached,首都圏,成約土地面積,mom_pct,-4.4,％,2025-06,False
2024-08,detached,首都圏,成約土地面積,mom_pct,6.0,％,2025-06,False
2024-09,detached,首都圏,成約土地面積,mom_pct,-6.1,％,2025-06,False
2024-10,detached,首都圏,成約土地面積,mom_pct,-1.2,％,2025-06,False
2024-11,detached,首都圏,成約土地面積,mom_pct,1.5,％,2025-06,False
2024-12,detached,首都圏,成約土地面積,mom_pct,1.5,％,2025-06,False
2025-01,detached,首都圏,成約土地面積,mom_pct,1.7,％,2025-06,False
2025-02,detached,首都圏,成約土地面積,mom_pct,0.7,％,2025-06,False
2025-03,detached,首都圏,成約土地面積,mom_pct,-0.6,％,2025-06,False
2025-04,detached,首都圏,成約土地面積,mom_pct,4.2,％,2025-04,False
2025-04,detached,首都圏,成約土地面積,mom_pct,4.2,％,2025-06,False
2025-05,detached,首都圏,成約土地面積,mom_pct,-3.6,％,2025-05,False
2025-05,detached,首都圏,成約土地面積,mom_pct,-3.6,％,2025-06,False
2025-06,detached,首都圏,成約土地面積,mom_pct,-0.9,％,2025-06,False
2025-06,detached,首都圏,成約土地面積,mom_pct,-0.9,％,2025-06,False
2024-04,detached,首都圏,成約土地面積,value,149.46,㎡,2025-04,False
2024-05,detached,首都圏,成約土地面積,value,136.9,㎡,2025-05,False
2024-06,detached,首都圏,成約土地面積,value,146.79,㎡,2025-06,False
2024-07,detached,首都圏,成約土地面積,value,140.34,㎡,2025-06,False
2024-08,detached,首都圏,成約土地面積,value,148.75,㎡,2025-06,False
2024-09,detached,首都圏,成約土地面積,value,139.66,㎡,2025-06,False
2024-10,detached,首都圏,成約土地面積,value,138.04,㎡,2025-06,False
2024-11,detached,首都圏,成約土地面積,value,140.16,㎡,2025-06,False
2024-12,detached,首都圏,成約土地面積,value,142.31,㎡,2025-06,False
2025-01,detached,首都圏,成約土地面積,value,144.73,㎡,2025-01,False
2025-01,detached,首都圏,成約土地面積,value,144.73,㎡,2025-06,False
2025-02,detached,首都圏,成約土地面積,value,145.81,㎡,2025-02,False
2025-02,detached,首都圏,成約土地面積,value,145.81,㎡,2025-06,False
2025-03,detached,首都圏,成約土地面積,value,144.91,㎡,2025-03,False
2025-03,detached,首都圏,成約土地面積,value,144.91,㎡,2025-06,False
2025-04,detached,首都圏,成約土地面積,value,151.06,㎡,2025-04,False
2025-04,detached,首都圏,成約土地面積,value,151.06,㎡,2025-06,False
2025-05,detached,首都圏,成約土地面積,value,145.63,㎡,2025-05,False
2025-05,detached,首都圏,成約土地面積,value,145.63,㎡,2025-06,False
2025-06,detached,首都圏,成約土地面積,value,144.36,㎡,2025-06,False
2025-06,detached,首都圏,成約土地面積,value,144.36,㎡,2025-06,False
2024-04,detached,首都圏,成約土地面積,yoy_pct,3.1,％,2025-04,False
2024-05,detached,首都圏,成約土地面積,yoy_pct,-8.7,％,2025-05,False
2024-06,detached,首都圏,成約土地面積,yoy_pct,4.2,％,2025-06,False
2024-07,detached,首都圏,成約土地面積,yoy_pct,-0.5,％,2025-06,False
2024-08,detached,首都圏,成約土地面積,yoy_pct,7.5,％,2025-06,False
2024-09,detached,首都圏,成約土地面積,yoy_pct,0.1,％,2025-06,False
2024-10,detached,首都圏,成約土地面積,yoy_pct,-0.7,％,2025-06,False
2024-11,detached,首都圏,成約土地面積,yoy_pct,-5.5,％,2025-06,False
2024-12,detached,首都圏,成約土地面積,yoy_pct,-2.6,％,2025-06,False
2025-01,detached,首都圏,成約土地面積,yoy_pct,1.8,％,2025-01,False
2025-01,detached,首都圏,成約土地面積,yoy_pct,1.8,％,2025-06,False
2025-02,detached,首都圏,成約土地面積,yoy_pct,6.2,％,2025-02,False
2025-02,detached,首都圏,成約土地面積,yoy_pct,6.2,％,2025-06,False
2025-03,detached,首都圏,成約土地面積,yoy_pct,-0.2,％,2025-03,False
2025-03,detached,首都圏,成約土地面積,yoy_pct,-0.2,％,2025-06,False
2025-04,detached,首都圏,成約土地面積,yoy_pct,1.1,％,2025-04,False
2025-04,detached,首都圏,成約土地面積,yoy_pct,1.1,％,2025-06,False
2025-05,detached,首都圏,成約土地面積,yoy_pct,6.4,％,2025-05,False
2025-05,detached,首都圏,成約土地面積,yoy_pct,6.4,％,2025-06,False
2025-06,detached,首都圏,成約土地面積,yoy_pct,-1.7,％,2025-06,False
2025-06,detached,首都圏,成約土地面積,yoy_pct,-1.7,％,2025-06,False
2024-04,detached,首都圏,成約建物面積,mom_pct,-0.9,％,2025-04,False
2024-05,detached,首都圏,成約建物面積,mom_pct,-1.0,％,2025-05,False
2024-06,detached,首都圏,成約建物面積,mom_pct,1.1,％,2025-06,False
2024-07,detached,首都圏,成約建物面積,mom_pct,-0.5,％,2025-06,False
2024-08,detached,首都圏,成約建物面積,mom_pct,0.1,％,2025-06,False
2024-09,detached,首都圏,成約建物面積,mom_pct,-0.2,％,2025-06,False
2024-10,detached,首都圏,成約建物面積,mom_pct,-0.6,％,2025-06,False
2024-11,detached,首都圏,成約建物面積,mom_pct,1.4,％,2025-06,False
2024-12,detached,首都圏,成約建物面積,mom_pct,0.9,％,2025-06,False
2025-01,detached,首都圏,成約建物面積,mom_pct,-2.1,％,2025-06,False
2025-02,detached,首都圏,成約建物面積,mom_pct,1.0,％,2025-06,False
2025-03,detached,首都圏,成約建物面積,mom_pct,-0.5,％,2025-06,False
2025-04,detached,首都圏,成約建物面積,mom_pct,-1.7,％,2025-04,False
2025-04,detached,首都圏,成約建物面積,mom_pct,-1.7,％,2025-06,False
2025-05,detached,首都圏,成約建物面積,mom_pct,1.4,％,2025-05,False
2025-05,detached,首都圏,成約建物面積,mom_pct,1.4,％,2025-06,False
2025-06,detached,首都圏,成約建物面積,mom_pct,0.05,％,2025-06,False
2025-06,detached,首都圏,成約建物面積,mom_pct,0.05,％,2025-06,False
2024-04,detached,首都圏,成約建物面積,value,104.18,㎡,2025-04,False
2024-05,detached,首都圏,成約建物面積,value,103.19,㎡,2025-05,False
2024-06,detached,首都圏,成約建物面積,value,104.29,㎡,2025-06,False
2024-07,detached,首都圏,成約建物面積,value,103.72,㎡,2025-06,False
2024-08,detached,首都圏,成約建物面積,value,103.87,㎡,2025-06,False
2024-09,detached,首都圏,成約建物面積,value,103.71,㎡,2025-06,False
2024-10,detached,首都圏,成約建物面積,value,103.11,㎡,2025-06,False
2024-11,detached,首都圏,成約建物面積,value,104.59,㎡,2025-06,False
2024-12,detached,首都圏,成約建物面積,value,105.49,㎡,2025-06,False
2025-01,detached,首都圏,成約建物面積,value,103.29,㎡,2025-01,False
2025-01,detached,首都圏,成約建物面積,value,103.29,㎡,2025-06,False
2025-02,detached,首都圏,成約建物面積,value,104.33,㎡,2025-02,False
2025-02,detached,首都圏,成約建物面積,value,104.33,㎡,2025-06,False
2025-03,detached,首都圏,成約建物面積,value,103.85,㎡,2025-03,False
2025-03,detached,首都圏,成約建物面積,value,103.85,㎡,2025-06,False
2025-04,detached,首都圏,成約建物面積,value,102.09,㎡,2025-04,False
2025-04,detached,首都圏,成約建物面積,value,102.09,㎡,2025-06,False
2025-05,detached,首都圏,成約建物面積,value,103.54,㎡,2025-05,False
2025-05,detached,首都圏,成約建物面積,value,103.54,㎡,2025-06,False
2025-06,detached,首都圏,成約建物面積,value,103.59,㎡,2025-06,False
2025-06,detached,首都圏,成約建物面積,value,103.59,㎡,2025-06,False
2024-04,detached,首都圏,成約建物面積,yoy_pct,-0.4,％,2025-04,False
2024-05,detached,首都圏,成約建物面積,yoy_pct,0.5,％,2025-05,False
2024-06,detached,首都圏,成約建物面積,yoy_pct,0.5,％,2025-06,False
2024-07,detached,首都圏,成約建物面積,yoy_pct,0.2,％,2025-06,False
2024-08,detached,首都圏,成約建物面積,yoy_pct,1.2,％,2025-06,False
2024-09,detached,首都圏,成約建物面積,yoy_pct,-0.6,％,2025-06,False
2024-10,detached,首都圏,成約建物面積,yoy_pct,-1.3,％,2025-06,False
2024-11,detached,首都圏,成約建物面積,yoy_pct,0.6,％,2025-06,False
2024-12,detached,首都圏,成約建物面積,yoy_pct,-0.5,％,2025-06,False
2025-01,detached,首都圏,成約建物面積,yoy_pct,0.3,％,2025-01,False
2025-01,detached,首都圏,成約建物面積,yoy_pct,0.3,％,2025-06,False
2025-02,detached,首都圏,成約建物面積,yoy_pct,2.0,％,2025-02,False
2025-02,detached,首都圏,成約建物面積,yoy_pct,2.0,％,2025-06,False
2025-03,detached,首都圏,成約建物面積,yoy_pct,-1.2,％,2025-03,False
2025-03,detached,首都圏,成約建物面積,yoy_pct,-1.2,％,2025-06,False
2025-04,detached,首都圏,成約建物面積,yoy_pct,-2.0,％,2025-04,False
2025-04,detached,首都圏,成約建物面積,yoy_pct,-2.0,％,2025-06,False
2025-05,detached,首都圏,成約建物面積,yoy_pct,0.3,％,2025-05,False
2025-05,detached,首都圏,成約建物面積,yoy_pct,0.3,％,2025-06,False
2025-06,detached,首都圏,成約建物面積,yoy_pct,-0.7,％,2025-06,False
2025-06,detached,首都圏,成約建物面積,yoy_pct,-0.7,％,2025-06,False
2024-01,detached,首都圏,成約築年数,value,21.41,年,2025-01,False
2024-02,detached,首都圏,成約築年数,value,21.3,年,2025-02,False
2024-03,detached,首都圏,成約築年数,value,21.35,年,2025-03,False
2024-04,detached,首都圏,成約築年数,value,22.26,年,2025-04,False
2024-04,detached,首都圏,成約築年数,value,22.26,年,2025-04,False
2024-05,detached,首都圏,成約築年数,value,21.17,年,2025-05,False
2024-05,detached,首都圏,成約築年数,value,21.17,年,2025-05,False
2024-06,detached,首都圏,成約築年数,value,22.41,年,2025-06,False
2024-06,detached,首都圏,成約築年数,value,22.41,年,2025-06,False
2024-07,detached,首都圏,成約築年数,value,22.61,年,2025-06,False
2024-08,detached,首都圏,成約築年数,value,23.32,年,2025-06,False
2024-09,detached,首都圏,成約築年数,value,22.05,年,2025-06,False
2024-10,detached,首都圏,成約築年数,value,23.35,年,2025-06,False
2024-11,detached,首都圏,成約築年数,value,22.65,年,2025-06,False
2024-12,detached,首都圏,成約築年数,value,22.87,年,2025-06,False
2025-01,detached,首都圏,成約築年数,value,23.41,年,2025-06,False
2025-01,detached,首都圏,成約築年数,value,23.41,年,2025-01,False
2025-02,detached,首都圏,成約築年数,value,23.4,年,2025-06,False
2025-02,detached,首都圏,成約築年数,value,23.4,年,2025-02,False
2025-03,detached,首都圏,成約築年数,value,24.03,年,2025-06,False
2025-03,detached,首都圏,成約築年数,value,24.03,年,2025-04,False
2025-04,detached,首都圏,成約築年数,value,24.23,年,2025-06,False
2025-04,detached,首都圏,成約築年数,value,24.23,年,2025-05,False
2025-05,detached,首都圏,成約築年数,value,23.81,年,2025-06,False
2025-05,detached,首都圏,成約築年数,value,23.81,年,2025-06,False
2025-06,detached,首都圏,成約築年数,value,23.77,年,2025-06,False
2025-06,detached,首都圏,成約築年数,value,23.77,年,2025-06,False
2024-01,detached,首都圏,新規登録件数,mom_pct,15.2,％,2025-01,False
2024-02,detached,首都圏,新規登録件数,mom_pct,4.3,％,2025-02,False
2024-03,detached,首都圏,新規登録件数,mom_pct,0.9,％,2025-03,False
2024-04,detached,首都圏,新規登録件数,mom_pct,0.5,％,2025-03,False
2024-05,detached,首都圏,新規登録件数,mom_pct,-6.7,％,2025-03,False
2024-06,detached,首都圏,新規登録件数,mom_pct,4.2,％,2025-03,False
2024-07,detached,首都圏,新規登録件数,mom_pct,-0.8,％,2025-03,False
2024-08,detached,首都圏,新規登録件数,mom_pct,-8.5,％,2025-03,False
2024-09,detached,首都圏,新規登録件数,mom_pct,13.9,％,2025-03,False
2024-10,detached,首都圏,新規登録件数,mom_pct,2.5,％,2025-03,False
2024-11,detached,首都圏,新規登録件数,mom_pct,-1.4,％,2025-03,False
2024-12,detached,首都圏,新規登録件数,mom_pct,-10.7,％,2025-03,False
2025-01,detached,首都圏,新規登録件数,mom_pct,8.9,％,2025-03,False
2025-02,detached,首都圏,新規登録件数,mom_pct,4.4,％,2025-03,False
2025-03,detached,首都圏,新規登録件数,mom_pct,8.7,％,2025-03,False
2024-01,detached,首都圏,新規登録件数,value,5972,件,2025-01,False
2024-02,detached,首都圏,新規登録件数,value,6229,件,2025-02,False
2024-03,detached,首都圏,新規登録件数,value,6285,件,2025-03,False
2024-04,detached,首都圏,新規登録件数,value,6317,件,2025-04,False
2024-05,detached,首都圏,新規登録件数,value,5895,件,2025-05,False
2024-06,detached,首都圏,新規登録件数,value,6140,件,2025-06,False
2024-07,detached,首都圏,新規登録件数,value,6089,件,2025-06,False
2024-08,detached,首都圏,新規登録件数,value,5571,件,2025-06,False
2024-09,detached,首都圏,新規登録件数,value,6344,件,2025-06,False
2024-10,detached,首都圏,新規登録件数,value,6502,件,2025-06,False
2024-11,detached,首都圏,新規登録件数,value,6408,件,2025-06,False
2024-12,detached,首都圏,新規登録件数,value,5721,件,2025-06,False
2025-01,detached,首都圏,新規登録件数,value,6228,件,2025-06,False
2025-02,detached,首都圏,新規登録件数,value,6505,件,2025-06,False
2025-03,detached,首都圏,新規登録件数,value,7071,件,2025-06,False
2025-04,detached,首都圏,新規登録件数,value,6663,件,2025-06,False
2025-05,detached,首都圏,新規登録件数,value,6425,件,2025-06,False
2025-06,detached,首都圏,新規登録件数,value,6712,件,2025-06,False
2024-01,detached,首都圏,新規登録件数,yoy_pct,25.2,％,2025-01,False
2024-02,detached,首都圏,新規登録件数,yoy_pct,21.9,％,2025-02,False
2024-03,detached,首都圏,新規登録件数,yoy_pct,15.3,％,2025-03,False
2024-04,detached,首都圏,新規登録件数,yoy_pct,11.6,％,2025-04,False
2024-05,detached,首都圏,新規登録件数,yoy_pct,16.6,％,2025-05,False
2024-06,detached,首都圏,新規登録件数,yoy_pct,10.8,％,2025-06,False
2024-07,detached,首都圏,新規登録件数,yoy_pct,8.5,％,2025-06,False
2024-08,detached,首都圏,新規登録件数,yoy_pct,13.7,％,2025-06,False
2024-09,detached,首都圏,新規登録件数,yoy_pct,6.7,％,2025-06,False
2024-10,detached,首都圏,新規登録件数,yoy_pct,4.1,％,2025-06,False
2024-11,detached,首都圏,新規登録件数,yoy_pct,12.0,％,2025-06,False
2024-12,detached,首都圏,新規登録件数,yoy_pct,10.4,％,2025-06,False
2025-01,detached,首都圏,新規登録件数,yoy_pct,4.3,％,2025-06,False
2025-02,detached,首都圏,新規登録件数,yoy_pct,4.4,％,2025-06,False
2025-03,detached,首都圏,新規登録件数,yoy_pct,12.5,％,2025-06,False
2025-04,detached,首都圏,新規登録件数,yoy_pct,5.5,％,2025-06,False
2025-05,detached,首都圏,新規登録件数,yoy_pct,9.0,％,2025-06,False
2025-06,detached,首都圏,新規登録件数,yoy_pct,9.3,％,2025-06,False
2024-01,detached,首都圏,新規登録価格,mom_pct,-1.1,％,2025-01,False
2024-02,detached,首都圏,新規登録価格,mom_pct,-3.0,％,2025-02,False
2024-03,detached,首都圏,新規登録価格,mom_pct,2.8,％,2025-03,False
2024-04,detached,首都圏,新規登録価格,mom_pct,1.4,％,2025-04,False
2024-05,detached,首都圏,新規登録価格,mom_pct,-3.7,％,2025-05,False
2024-06,detached,首都圏,新規登録価格,mom_pct,0.2,％,2025-06,False
2024-07,detached,首都圏,新規登録価格,mom_pct,5.6,％,2025-06,False
2024-08,detached,首都圏,新規登録価格,mom_pct,-6.3,％,2025-06,False
2024-09,detached,首都圏,新規登録価格,mom_pct,5.2,％,2025-06,False
2024-10,detached,首都圏,新規登録価格,mom_pct,1.2,％,2025-06,False
2024-11,detached,首都圏,新規登録価格,mom_pct,-5.5,％,2025-06,False
2024-12,detached,首都圏,新規登録価格,mom_pct,0.2,％,2025-06,False
2025-01,detached,首都圏,新規登録価格,mom_pct,2.5,％,2025-06,False
2025-02,detached,首都圏,新規登録価格,mom_pct,-0.8,％,2025-06,False
2025-03,detached,首都圏,新規登録価格,mom_pct,2.1,％,2025-06,False
2025-04,detached,首都圏,新規登録価格,mom_pct,2.1,％,2025-06,False
2025-05,detached,首都圏,新規登録価格,mom_pct,-3.1,％,2025-06,False
2025-06,detached,首都圏,新規登録価格,mom_pct,0.7,％,2025-06,False
2024-01,detached,首都圏,新規登録価格,value,4337,万円,2025-01,False
2024-02,detached,首都圏,新規登録価格,value,4207,万円,2025-02,False
2024-03,detached,首都圏,新規登録価格,value,4323,万円,2025-03,False
2024-04,detached,首都圏,新規登録価格,value,4385,万円,2025-04,False
2024-05,detached,首都圏,新規登録価格,value,4221,万円,2025-05,False
2024-06,detached,首都圏,新規登録価格,value,4230,万円,2025-06,False
2024-07,detached,首都圏,新規登録価格,value,4467,万円,2025-06,False
2024-08,detached,首都圏,新規登録価格,value,4185,万円,2025-06,False
2024-09,detached,首都圏,新規登録価格,value,4401,万円,2025-06,False
2024-10,detached,首都圏,新規登録価格,value,4453,万円,2025-06,False
2024-11,detached,首都圏,新規登録価格,value,4210,万円,2025-06,False
2024-12,detached,首都圏,新規登録価格,value,4218,万円,2025-06,False
2025-01,detached,首都圏,新規登録価格,value,4322,万円,2025-06,False
2025-02,detached,首都圏,新規登録価格,value,4288,万円,2025-06,False
2025-03,detached,首都圏,新規登録価格,value,4377,万円,2025-06,False
2025-04,detached,首都圏,新規登録価格,value,4468,万円,2025-06,False
2025-05,detached,首都圏,新規登録価格,value,4328,万円,2025-06,False
2025-06,detached,首都圏,新規登録価格,value,4360,万円,2025-06,False
2024-01,detached,首都圏,新規登録価格,yoy_pct,-2.9,％,2025-01,False
2024-02,detached,首都圏,新規登録価格,yoy_pct,-1.3,％,2025-02,False
2024-03,detached,首都圏,新規登録価格,yoy_pct,0.0,％,2025-03,False
2024-04,detached,首都圏,新規登録価格,yoy_pct,-2.4,％,2025-04,False
2024-05,detached,首都圏,新規登録価格,yoy_pct,1.1,％,2025-05,False
2024-06,detached,首都圏,新規登録価格,yoy_pct,0.9,％,2025-06,False
2024-07,detached,首都圏,新規登録価格,yoy_pct,5.7,％,2025-06,False
2024-08,detached,首都圏,新規登録価格,yoy_pct,-0.6,％,2025-06,False
2024-09,detached,首都圏,新規登録価格,yoy_pct,3.9,％,2025-06,False
2024-10,detached,首都圏,新規登録価格,yoy_pct,4.3,％,2025-06,False
2024-11,detached,首都圏,新規登録価格,yoy_pct,-2.1,％,2025-06,False
2024-12,detached,首都圏,新規登録価格,yoy_pct,-3.9,％,2025-06,False
2025-01,detached,首都圏,新規登録価格,yoy_pct,-0.3,％,2025-06,False
2025-02,detached,首都圏,新規登録価格,yoy_pct,1.9,％,2025-06,False
2025-03,detached,首都圏,新規登録価格,yoy_pct,1.3,％,2025-06,False
2025-04,detached,首都圏,新規登録価格,yoy_pct,1.9,％,2025-06,False
2025-05,detached,首都圏,新規登録価格,yoy_pct,2.5,％,2025-06,False
2025-06,detached,首都圏,新規登録価格,yoy_pct,3.1,％,2025-06,False
2024-04,detached,首都圏,新規登録土地面積,mom_pct,0.4,％,2025-04,False
2024-05,detached,首都圏,新規登録土地面積,mom_pct,2.2,％,2025-05,False
2024-06,detached,首都圏,新規登録土地面積,mom_pct,-1.4,％,2025-06,False
2024-07,detached,首都圏,新規登録土地面積,mom_pct,-0.6,％,2025-06,False
2024-08,detached,首都圏,新規登録土地面積,mom_pct,1.1,％,2025-06,False
2024-09,detached,首都圏,新規登録土地面積,mom_pct,2.2,％,2025-06,False
2024-10,detached,首都圏,新規登録土地面積,mom_pct,0.2,％,2025-06,False
2024-11,detached,首都圏,新規登録土地面積,mom_pct,-2.2,％,2025-06,False
2024-12,detached,首都圏,新規登録土地面積,mom_pct,2.7,％,2025-06,False
2025-01,detached,首都圏,新規登録土地面積,mom_pct,-5.7,％,2025-06,False
2025-02,detached,首都圏,新規登録土地面積,mom_pct,5.3,％,2025-06,False
2025-03,detached,首都圏,新規登録土地面積,mom_pct,-0.3,％,2025-06,False
2025-04,detached,首都圏,新規登録土地面積,mom_pct,-0.4,％,2025-06,False
2025-05,detached,首都圏,新規登録土地面積,mom_pct,2.3,％,2025-06,False
2025-06,detached,首都圏,新規登録土地面積,mom_pct,-2.0,％,2025-06,False
2024-04,detached,首都圏,新規登録土地面積,value,158.75,㎡,2025-04,False
2024-05,detached,首都圏,新規登録土地面積,value,162.18,㎡,2025-05,False
2024-06,detached,首都圏,新規登録土地面積,value,159.96,㎡,2025-06,False
2024-07,detached,首都圏,新規登録土地面積,value,159.07,㎡,2025-06,False
2024-08,detached,首都圏,新規登録土地面積,value,160.8,㎡,2025-06,False
2024-09,detached,首都圏,新規登録土地面積,value,164.36,㎡,2025-06,False
2024-10,detached,首都圏,新規登録土地面積,value,164.64,㎡,2025-06,False
2024-11,detached,首都圏,新規登録土地面積,value,161.08,㎡,2025-06,False
2024-12,detached,首都圏,新規登録土地面積,value,165.43,㎡,2025-06,False
2025-01,detached,首都圏,新規登録土地面積,value,155.99,㎡,2025-06,False
2025-02,detached,首都圏,新規登録土地面積,value,164.32,㎡,2025-06,False
2025-03,detached,首都圏,新規登録土地面積,value,163.85,㎡,2025-06,False
2025-04,detached,首都圏,新規登録土地面積,value,163.2,㎡,2025-06,False
2025-05,detached,首都圏,新規登録土地面積,value,166.93,㎡,2025-06,False
2025-06,detached,首都圏,新規登録土地面積,value,163.63,㎡,2025-06,False
2024-04,detached,首都圏,新規登録土地面積,yoy_pct,0.6,％,2025-04,False
2024-05,detached,首都圏,新規登録土地面積,yoy_pct,2.7,％,2025-05,False
2024-06,detached,首都圏,新規登録土地面積,yoy_pct,0.8,％,2025-06,False
2024-07,detached,首都圏,新規登録土地面積,yoy_pct,-0.6,％,2025-06,False
2024-08,detached,首都圏,新規登録土地面積,yoy_pct,3.8,％,2025-06,False
2024-09,detached,首都圏,新規登録土地面積,yoy_pct,1.0,％,2025-06,False
2024-10,detached,首都圏,新規登録土地面積,yoy_pct,-1.7,％,2025-06,False
2024-11,detached,首都圏,新規登録土地面積,yoy_pct,-1.7,％,2025-06,False
2024-12,detached,首都圏,新規登録土地面積,yoy_pct,3.1,％,2025-06,False
2025-01,detached,首都圏,新規登録土地面積,yoy_pct,-1.6,％,2025-06,False
2025-02,detached,首都圏,新規登録土地面積,yoy_pct,1.3,％,2025-06,False
2025-03,detached,首都圏,新規登録土地面積,yoy_pct,3.6,％,2025-06,False
2025-04,detached,首都圏,新規登録土地面積,yoy_pct,2.8,％,2025-06,False
2025-05,detached,首都圏,新規登録土地面積,yoy_pct,2.9,％,2025-06,False
2025-06,detached,首都圏,新規登録土地面積,yoy_pct,2.3,％,2025-06,False
2024-04,detached,首都圏,新規登録建物面積,mom_pct,0.8,％,2025-04,False
2024-05,detached,首都圏,新規登録建物面積,mom_pct,-0.4,％,2025-05,False
2024-06,detached,首都圏,新規登録建物面積,mom_pct,-1.0,％,2025-06,False
2024-07,detached,首都圏,新規登録建物面積,mom_pct,1.3,％,2025-06,False
2024-08,detached,首都圏,新規登録建物面積,mom_pct,-0.5,％,2025-06,False
2024-09,detached,首都圏,新規登録建物面積,mom_pct,0.8,％,2025-06,False
2024-10,detached,首都圏,新規登録建物面積,mom_pct,-0.5,％,2025-06,False
2024-11,detached,首都圏,新規登録建物面積,mom_pct,-0.5,％,2025-06,False
2024-12,detached,首都圏,新規登録建物面積,mom_pct,2.4,％,2025-06,False
2025-01,detached,首都圏,新規登録建物面積,mom_pct,-3.2,％,2025-06,False
2025-02,detached,首都圏,新規登録建物面積,mom_pct,1.5,％,2025-06,False
2025-03,detached,首都圏,新規登録建物面積,mom_pct,0.2,％,2025-06,False
2025-04,detached,首都圏,新規登録建物面積,mom_pct,-0.1,％,2025-06,False
2025-05,detached,首都圏,新規登録建物面積,mom_pct,-1.1,％,2025-06,False
2025-06,detached,首都圏,新規登録建物面積,mom_pct,0.8,％,2025-06,False
2024-04,detached,首都圏,新規登録建物面積,value,105.55,㎡,2025-04,False
2024-05,detached,首都圏,新規登録建物面積,value,105.15,㎡,2025-05,False
2024-06,detached,首都圏,新規登録建物面積,value,104.07,㎡,2025-06,False
2024-07,detached,首都圏,新規登録建物面積,value,105.41,㎡,2025-06,False
2024-08,detached,首都圏,新規登録建物面積,value,104.88,㎡,2025-06,False
2024-09,detached,首都圏,新規登録建物面積,value,105.74,㎡,2025-06,False
2024-10,detached,首都圏,新規登録建物面積,value,105.17,㎡,2025-06,False
2024-11,detached,首都圏,新規登録建物面積,value,104.64,㎡,2025-06,False
2024-12,detached,首都圏,新規登録建物面積,value,107.12,㎡,2025-06,False
2025-01,detached,首都圏,新規登録建物面積,value,103.68,㎡,2025-06,False
2025-02,detached,首都圏,新規登録建物面積,value,105.22,㎡,2025-06,False
2025-03,detached,首都圏,新規登録建物面積,value,105.42,㎡,2025-06,False
2025-04,detached,首都圏,新規登録建物面積,value,105.31,㎡,2025-06,False
2025-05,detached,首都圏,新規登録建物面積,value,104.16,㎡,2025-06,False
2025-06,detached,首都圏,新規登録建物面積,value,105.0,㎡,2025-06,False
2024-04,detached,首都圏,新規登録建物面積,yoy_pct,-2.1,％,2025-04,False
2024-05,detached,首都圏,新規登録建物面積,yoy_pct,0.7,％,2025-05,False
2024-06,detached,首都圏,新規登録建物面積,yoy_pct,-0.8,％,2025-06,False
2024-07,detached,首都圏,新規登録建物面積,yoy_pct,0.8,％,2025-06,False
2024-08,detached,首都圏,新規登録建物面積,yoy_pct,0.6,％,2025-06,False
2024-09,detached,首都圏,新規登録建物面積,yoy_pct,0.5,％,2025-06,False
2024-10,detached,首都圏,新規登録建物面積,yoy_pct,-0.4,％,2025-06,False
2024-11,detached,首都圏,新規登録建物面積,yoy_pct,-0.4,％,2025-06,False
2024-12,detached,首都圏,新規登録建物面積,yoy_pct,1.4,％,2025-06,False
2025-01,detached,首都圏,新規登録建物面積,yoy_pct,-1.7,％,2025-06,False
2025-02,detached,首都圏,新規登録建物面積,yoy_pct,0.5,％,2025-06,False
2025-03,detached,首都圏,新規登録建物面積,yoy_pct,0.7,％,2025-06,False
2025-04,detached,首都圏,新規登録建物面積,yoy_pct,-0.2,％,2025-06,False
2025-05,detached,首都圏,新規登録建物面積,yoy_pct,-0.9,％,2025-06,False
2025-06,detached,首都圏,新規登録建物面積,yoy_pct,0.9,％,2025-06,False
2024-04,detached,首都圏,新規登録築年数,value,24.61,年,2025-04,False
2024-05,detached,首都圏,新規登録築年数,value,24.5,年,2025-05,False
2024-06,detached,首都圏,新規登録築年数,value,25.26,年,2025-06,False
2024-07,detached,首都圏,新規登録築年数,value,25.16,年,2025-06,False
2024-08,detached,首都圏,新規登録築年数,value,25.26,年,2025-06,False
2024-09,detached,首都圏,新規登録築年数,value,25.6,年,2025-06,False
2024-10,detached,首都圏,新規登録築年数,value,25.05,年,2025-06,False
2024-11,detached,首都圏,新規登録築年数,value,25.2,年,2025-06,False
2024-12,detached,首都圏,新規登録築年数,value,25.11,年,2025-06,False
2025-01,detached,首都圏,新規登録築年数,value,25.17,年,2025-06,False
2025-02,detached,首都圏,新規登録築年数,value,25.01,年,2025-06,False
2025-03,detached,首都圏,新規登録築年数,value,25.43,年,2025-06,False
2025-04,detached,首都圏,新規登録築年数,value,25.41,年,2025-06,False
2025-05,detached,首都圏,新規登録築年数,value,25.93,年,2025-06,False
2025-06,detached,首都圏,新規登録築年数,value,26.11,年,2025-06,False
2024-01,mansion,仙台市,成約㎡単価,mom_pct,-1.1,％,2025-01,False
2024-02,mansion,仙台市,成約㎡単価,mom_pct,2.3,％,2025-02,False
2024-03,mansion,仙台市,成約㎡単価,mom_pct,-6.4,％,2025-03,False
2024-04,mansion,仙台市,成約㎡単価,mom_pct,-1.5,％,2025-04,False
2024-05,mansion,仙台市,成約㎡単価,mom_pct,12.0,％,2025-05,False
2024-06,mansion,仙台市,成約㎡単価,mom_pct,-3.7,％,2025-06,False
2024-07,mansion,仙台市,成約㎡単価,mom_pct,-8.9,％,2025-06,False
2024-08,mansion,仙台市,成約㎡単価,mom_pct,4.4,％,2025-06,False
2024-09,mansion,仙台市,成約㎡単価,mom_pct,9.4,％,2025-06,False
2024-10,mansion,仙台市,成約㎡単価,mom_pct,-4.9,％,2025-06,False
2024-11,mansion,仙台市,成約㎡単価,mom_pct,6.0,％,2025-06,False
2024-12,mansion,仙台市,成約㎡単価,mom_pct,-1.8,％,2025-06,False
2025-01,mansion,仙台市,成約㎡単価,mom_pct,9.8,％,2025-06,False
2025-02,mansion,仙台市,成約㎡単価,mom_pct,-17.5,％,2025-06,False
2025-03,mansion,仙台市,成約㎡単価,mom_pct,0.9,％,2025-06,False
2025-04,mansion,仙台市,成約㎡単価,mom_pct,-0.5,％,2025-06,False
2025-05,mansion,仙台市,成約㎡単価,mom_pct,-1.3,％,2025-06,False
2025-06,mansion,仙台市,成約㎡単価,mom_pct,-2.9,％,2025-06,False
2024-01,mansion,仙台市,成約㎡単価,value,36.85,万円/㎡,2025-01,False
2024-02,mansion,仙台市,成約㎡単価,value,37.7,万円/㎡,2025-02,False
2024-03,mansion,仙台市,成約㎡単価,value,35.3,万円/㎡,2025-03,False
2024-04,mansion,仙台市,成約㎡単価,value,34.76,万円/㎡,2025-04,False
2024-05,mansion,仙台市,成約㎡単価,value,38.93,万円/㎡,2025-05,False
2024-06,mansion,仙台市,成約㎡単価,value,37.48,万円/㎡,2025-06,False
2024-07,mansion,仙台市,成約㎡単価,value,34.14,万円/㎡,2025-06,False
2024-08,mansion,仙台市,成約㎡単価,value,35.64,万円/㎡,2025-06,False
2024-09,mansion,仙台市,成約㎡単価,value,39.01,万円/㎡,2025-06,False
2024-10,mansion,仙台市,成約㎡単価,value,37.11,万円/㎡,2025-06,False
2024-11,mansion,仙台市,成約㎡単価,value,39.34,万円/㎡,2025-06,False
2024-12,mansion,仙台市,成約㎡単価,value,38.62,万円/㎡,2025-06,False
2025-01,mansion,仙台市,成約㎡単価,value,42.42,万円/㎡,2025-06,False
2025-02,mansion,仙台市,成約㎡単価,value,34.98,万円/㎡,2025-06,False
2025-03,mansion,仙台市,成約㎡単価,value,35.3,万円/㎡,2025-06,False
2025-04,mansion,仙台市,成約㎡単価,value,35.12,万円/㎡,2025-06,False
2025-05,mansion,仙台市,成約㎡単価,value,34.65,万円/㎡,2025-06,False
2025-06,mansion,仙台市,成約㎡単価,value,33.63,万円/㎡,2025-06,False
2024-01,mansion,仙台市,成約㎡単価,yoy_pct,10.4,％,2025-01,False
2024-02,mansion,仙台市,成約㎡単価,yoy_pct,0.8,％,2025-02,False
2024-03,mansion,仙台市,成約㎡単価,yoy_pct,2.7,％,2025-03,False
2024-04,mansion,仙台市,成約㎡単価,yoy_pct,-2.2,％,2025-04,False
2024-05,mansion,仙台市,成約㎡単価,yoy_pct,6.5,％,2025-05,False
2024-06,mansion,仙台市,成約㎡単価,yoy_pct,15.5,％,2025-06,False
2024-07,mansion,仙台市,成約㎡単価,yoy_pct,-1.4,％,2025-06,False
2024-08,mansion,仙台市,成約㎡単価,yoy_pct,15.1,％,2025-06,False
2024-09,mansion,仙台市,成約㎡単価,yoy_pct,6.6,％,2025-06,False
2024-10,mansion,仙台市,成約㎡単価,yoy_pct,0.8,％,2025-06,False
2024-11,mansion,仙台市,成約㎡単価,yoy_pct,-0.6,％,2025-06,False
2024-12,mansion,仙台市,成約㎡単価,yoy_pct,3.6,％,2025-06,False
2025-01,mansion,仙台市,成約㎡単価,yoy_pct,15.1,％,2025-06,False
2025-02,mansion,仙台市,成約㎡単価,yoy_pct,-7.2,％,2025-06,False
2025-03,mansion,仙台市,成約㎡単価,yoy_pct,0.01,％,2025-06,False
2025-04,mansion,仙台市,成約㎡単価,yoy_pct,1.0,％,2025-06,False
2025-05,mansion,仙台市,成約㎡単価,yoy_pct,-11.0,％,2025-06,False
2025-06,mansion,仙台市,成約㎡単価,yoy_pct,-10.3,％,2025-06,False
2024-01,mansion,仙台市,成約件数,mom_pct,5.7,％,2025-01,False
2024-02,mansion,仙台市,成約件数,mom_pct,10.8,％,2025-02,False
2024-03,mansion,仙台市,成約件数,mom_pct,17.5,％,2025-03,False
2024-04,mansion,仙台市,成約件数,mom_pct,-8.3,％,2025-03,False
2024-05,mansion,仙台市,成約件数,mom_pct,-23.4,％,2025-03,False
2024-06,mansion,仙台市,成約件数,mom_pct,14.1,％,2025-03,False
2024-07,mansion,仙台市,成約件数,mom_pct,2.1,％,2025-03,False
2024-08,mansion,仙台市,成約件数,mom_pct,-22.2,％,2025-03,False
2024-09,mansion,仙台市,成約件数,mom_pct,32.5,％,2025-03,False
2024-10,mansion,仙台市,成約件数,mom_pct,-11.8,％,2025-03,False
2024-11,mansion,仙台市,成約件数,mom_pct,-8.9,％,2025-03,False
2024-12,mansion,仙台市,成約件数,mom_pct,1.2,％,2025-03,False
2025-01,mansion,仙台市,成約件数,mom_pct,1.2,％,2025-03,False
2025-02,mansion,仙台市,成約件数,mom_pct,15.5,％,2025-03,False
2025-03,mansion,仙台市,成約件数,mom_pct,23.7,％,2025-03,False
2024-01,mansion,仙台市,成約件数,value,93,件,2025-01,False
2024-02,mansion,仙台市,成約件数,value,103,件,2025-02,False
2024-03,mansion,仙台市,成約件数,value,121,件,2025-03,False
2024-04,mansion,仙台市,成約件数,value,111,件,2025-04,False
2024-05,mansion,仙台市,成約件数,value,85,件,2025-05,False
2024-06,mansion,仙台市,成約件数,value,97,件,2025-06,False
2024-07,mansion,仙台市,成約件数,value,99,件,2025-06,False
2024-08,mansion,仙台市,成約件数,value,77,件,2025-06,False
2024-09,mansion,仙台市,成約件数,value,102,件,2025-06,False
2024-10,mansion,仙台市,成約件数,value,90,件,2025-06,False
2024-11,mansion,仙台市,成約件数,value,82,件,2025-06,False
2024-12,mansion,仙台市,成約件数,value,83,件,2025-06,False
2025-01,mansion,仙台市,成約件数,value,84,件,2025-06,False
2025-02,mansion,仙台市,成約件数,value,97,件,2025-06,False
2025-03,mansion,仙台市,成約件数,value,120,件,2025-06,False
2025-04,mansion,仙台市,成約件数,value,88,件,2025-06,False
2025-05,mansion,仙台市,成約件数,value,108,件,2025-06,False
2025-06,mansion,仙台市,成約件数,value,117,件,2025-06,False
2024-01,mansion,仙台市,成約件数,yoy_pct,24.0,％,2025-01,False
2024-02,mansion,仙台市,成約件数,yoy_pct,5.1,％,2025-02,False
2024-03,mansion,仙台市,成約件数,yoy_pct,17.5,％,2025-03,False
2024-04,mansion,仙台市,成約件数,yoy_pct,26.1,％,2025-04,False
2024-05,mansion,仙台市,成約件数,yoy_pct,1.2,％,2025-05,False
2024-06,mansion,仙台市,成約件数,yoy_pct,1.0,％,2025-06,False
2024-07,mansion,仙台市,成約件数,yoy_pct,-6.6,％,2025-06,False
2024-08,mansion,仙台市,成約件数,yoy_pct,42.6,％,2025-06,False
2024-09,mansion,仙台市,成約件数,yoy_pct,21.4,％,2025-06,False
2024-10,mansion,仙台市,成約件数,yoy_pct,28.6,％,2025-06,False
2024-11,mansion,仙台市,成約件数,yoy_pct,-11.8,％,2025-06,False
2024-12,mansion,仙台市,成約件数,yoy_pct,-5.7,％,2025-06,False
2025-01,mansion,仙台市,成約件数,yoy_pct,-9.7,％,2025-06,False
2025-02,mansion,仙台市,成約件数,yoy_pct,-5.8,％,2025-06,False
2025-03,mansion,仙台市,成約件数,yoy_pct,-0.8,％,2025-06,False
2025-04,mansion,仙台市,成約件数,yoy_pct,-20.7,％,2025-06,False
2025-05,mansion,仙台市,成約件数,yoy_pct,27.1,％,2025-06,False
2025-06,mansion,仙台市,成約件数,yoy_pct,20.6,％,2025-06,False
2024-01,mansion,仙台市,成約価格,mom_pct,-1.5,％,2025-01,False
2024-02,mansion,仙台市,成約価格,mom_pct,9.6,％,2025-02,False
2024-03,mansion,仙台市,成約価格,mom_pct,-11.4,％,2025-03,False
2024-04,mansion,仙台市,成約価格,mom_pct,9.3,％,2025-04,False
2024-05,mansion,仙台市,成約価格,mom_pct,5.0,％,2025-05,False
2024-06,mansion,仙台市,成約価格,mom_pct,-2.8,％,2025-06,False
2024-07,mansion,仙台市,成約価格,mom_pct,-9.6,％,2025-06,False
2024-08,mansion,仙台市,成約価格,mom_pct,3.7,％,2025-06,False
2024-09,mansion,仙台市,成約価格,mom_pct,11.0,％,2025-06,False
2024-10,mansion,仙台市,成約価格,mom_pct,-5.4,％,2025-06,False
2024-11,mansion,仙台市,成約価格,mom_pct,3.0,％,2025-06,False
2024-12,mansion,仙台市,成約価格,mom_pct,-2.7,％,2025-06,False
2025-01,mansion,仙台市,成約価格,mom_pct,16.8,％,2025-06,False
2025-02,mansion,仙台市,成約価格,mom_pct,-20.5,％,2025-06,False
2025-03,mansion,仙台市,成約価格,mom_pct,5.5,％,2025-06,False
2025-04,mansion,仙台市,成約価格,mom_pct,-1.6,％,2025-06,False
2025-05,mansion,仙台市,成約価格,mom_pct,-6.5,％,2025-06,False
2025-06,mansion,仙台市,成約価格,mom_pct,-2.9,％,2025-06,False
2024-01,mansion,仙台市,成約価格,value,2455,万円,2025-01,False
2024-02,mansion,仙台市,成約価格,value,2689,万円,2025-02,False
2024-03,mansion,仙台市,成約価格,value,2383,万円,2025-03,False
2024-04,mansion,仙台市,成約価格,value,2605,万円,2025-04,False
2024-05,mansion,仙台市,成約価格,value,2736,万円,2025-05,False
2024-06,mansion,仙台市,成約価格,value,2660.0,万円,2025-06,False
2024-07,mansion,仙台市,成約価格,value,2403.0,万円,2025-06,False
2024-08,mansion,仙台市,成約価格,value,2492.0,万円,2025-06,False
2024-09,mansion,仙台市,成約価格,value,2766.0,万円,2025-06,False
2024-10,mansion,仙台市,成約価格,value,2617.0,万円,2025-06,False
2024-11,mansion,仙台市,成約価格,value,2695.0,万円,2025-06,False
2024-12,mansion,仙台市,成約価格,value,2621.0,万円,2025-06,False
2025-01,mansion,仙台市,成約価格,value,3061.0,万円,2025-06,False
2025-02,mansion,仙台市,成約価格,value,2434.0,万円,2025-06,False
2025-03,mansion,仙台市,成約価格,value,2569.0,万円,2025-06,False
2025-04,mansion,仙台市,成約価格,value,2529.0,万円,2025-06,False
2025-05,mansion,仙台市,成約価格,value,2365.0,万円,2025-06,False
2025-06,mansion,仙台市,成約価格,value,2297.0,万円,2025-06,False
2024-01,mansion,仙台市,成約価格,yoy_pct,12.1,％,2025-01,False
2024-02,mansion,仙台市,成約価格,yoy_pct,3.1,％,2025-02,False
2024-03,mansion,仙台市,成約価格,yoy_pct,-0.6,％,2025-03,False
2024-04,mansion,仙台市,成約価格,yoy_pct,10.4,％,2025-04,False
2024-05,mansion,仙台市,成約価格,yoy_pct,9.0,％,2025-05,False
2024-06,mansion,仙台市,成約価格,yoy_pct,19.3,％,2025-06,False
2024-07,mansion,仙台市,成約価格,yoy_pct,4.1,％,2025-06,False
2024-08,mansion,仙台市,成約価格,yoy_pct,24.6,％,2025-06,False
2024-09,mansion,仙台市,成約価格,yoy_pct,5.2,％,2025-06,False
2024-10,mansion,仙台市,成約価格,yoy_pct,2.2,％,2025-06,False
2024-11,mansion,仙台市,成約価格,yoy_pct,-1.7,％,2025-06,False
2024-12,mansion,仙台市,成約価格,yoy_pct,5.1,％,2025-06,False
2025-01,mansion,仙台市,成約価格,yoy_pct,24.7,％,2025-06,False
2025-02,mansion,仙台市,成約価格,yoy_pct,-9.5,％,2025-06,False
2025-03,mansion,仙台市,成約価格,yoy_pct,7.8,％,2025-06,False
2025-04,mansion,仙台市,成約価格,yoy_pct,-2.9,％,2025-06,False
2025-05,mansion,仙台市,成約価格,yoy_pct,-13.5,％,2025-06,False
2025-06,mansion,仙台市,成約価格,yoy_pct,-13.7,％,2025-06,False
2024-04,mansion,仙台市,成約専有面積,mom_pct,11.0,％,2025-04,False
2024-05,mansion,仙台市,成約専有面積,mom_pct,-6.2,％,2025-05,False
2024-06,mansion,仙台市,成約専有面積,mom_pct,1.0,％,2025-06,False
2024-07,mansion,仙台市,成約専有面積,mom_pct,-0.8,％,2025-06,False
2024-08,mansion,仙台市,成約専有面積,mom_pct,-0.7,％,2025-06,False
2024-09,mansion,仙台市,成約専有面積,mom_pct,1.4,％,2025-06,False
2024-10,mansion,仙台市,成約専有面積,mom_pct,-0.5,％,2025-06,False
2024-11,mansion,仙台市,成約専有面積,mom_pct,-2.9,％,2025-06,False
2024-12,mansion,仙台市,成約専有面積,mom_pct,-0.9,％,2025-06,False
2025-01,mansion,仙台市,成約専有面積,mom_pct,6.3,％,2025-06,False
2025-02,mansion,仙台市,成約専有面積,mom_pct,-3.6,％,2025-06,False
2025-03,mansion,仙台市,成約専有面積,mom_pct,4.6,％,2025-06,False
2025-04,mansion,仙台市,成約専有面積,mom_pct,-1.1,％,2025-06,False
2025-05,mansion,仙台市,成約専有面積,mom_pct,-5.2,％,2025-06,False
2025-06,mansion,仙台市,成約専有面積,mom_pct,0.03,％,2025-06,False
2024-04,mansion,仙台市,成約専有面積,value,74.94,㎡,2025-04,False
2024-05,mansion,仙台市,成約専有面積,value,70.28,㎡,2025-05,False
2024-06,mansion,仙台市,成約専有面積,value,70.97,㎡,2025-06,False
2024-07,mansion,仙台市,成約専有面積,value,70.39,㎡,2025-06,False
2024-08,mansion,仙台市,成約専有面積,value,69.93,㎡,2025-06,False
2024-09,mansion,仙台市,成約専有面積,value,70.9,㎡,2025-06,False
2024-10,mansion,仙台市,成約専有面積,value,70.53,㎡,2025-06,False
2024-11,mansion,仙台市,成約専有面積,value,68.51,㎡,2025-06,False
2024-12,mansion,仙台市,成約専有面積,value,67.88,㎡,2025-06,False
2025-01,mansion,仙台市,成約専有面積,value,72.16,㎡,2025-06,False
2025-02,mansion,仙台市,成約専有面積,value,69.58,㎡,2025-06,False
2025-03,mansion,仙台市,成約専有面積,value,72.77,㎡,2025-06,False
2025-04,mansion,仙台市,成約専有面積,value,72.01,㎡,2025-06,False
2025-05,mansion,仙台市,成約専有面積,value,68.26,㎡,2025-06,False
2025-06,mansion,仙台市,成約専有面積,value,68.29,㎡,2025-06,False
2024-04,mansion,仙台市,成約専有面積,yoy_pct,12.9,％,2025-04,False
2024-05,mansion,仙台市,成約専有面積,yoy_pct,2.3,％,2025-05,False
2024-06,mansion,仙台市,成約専有面積,yoy_pct,3.3,％,2025-06,False
2024-07,mansion,仙台市,成約専有面積,yoy_pct,5.6,％,2025-06,False
2024-08,mansion,仙台市,成約専有面積,yoy_pct,8.2,％,2025-06,False
2024-09,mansion,仙台市,成約専有面積,yoy_pct,-1.3,％,2025-06,False
2024-10,mansion,仙台市,成約専有面積,yoy_pct,1.4,％,2025-06,False
2024-11,mansion,仙台市,成約専有面積,yoy_pct,-1.1,％,2025-06,False
2024-12,mansion,仙台市,成約専有面積,yoy_pct,1.5,％,2025-06,False
2025-01,mansion,仙台市,成約専有面積,yoy_pct,8.3,％,2025-06,False
2025-02,mansion,仙台市,成約専有面積,yoy_pct,-2.5,％,2025-06,False
2025-03,mansion,仙台市,成約専有面積,yoy_pct,7.8,％,2025-06,False
2025-04,mansion,仙台市,成約専有面積,yoy_pct,-3.9,％,2025-06,False
2025-05,mansion,仙台市,成約専有面積,yoy_pct,-2.9,％,2025-06,False
2025-06,mansion,仙台市,成約専有面積,yoy_pct,-3.8,％,2025-06,False
2024-04,mansion,仙台市,成約築年数,value,24.31,年,2025-04,False
2024-05,mansion,仙台市,成約築年数,value,23.32,年,2025-05,False
2024-06,mansion,仙台市,成約築年数,value,22.96,年,2025-06,False
2024-07,mansion,仙台市,成約築年数,value,26.18,年,2025-06,False
2024-08,mansion,仙台市,成約築年数,value,24.85,年,2025-06,False
2024-09,mansion,仙台市,成約築年数,value,23.58,年,2025-06,False
2024-10,mansion,仙台市,成約築年数,value,24.97,年,2025-06,False
2024-11,mansion,仙台市,成約築年数,value,22.64,年,2025-06,False
2024-12,mansion,仙台市,成約築年数,value,24.71,年,2025-06,False
2025-01,mansion,仙台市,成約築年数,value,22.02,年,2025-06,False
2025-02,mansion,仙台市,成約築年数,value,26.05,年,2025-06,False
2025-03,mansion,仙台市,成約築年数,value,26.29,年,2025-06,False
2025-04,mansion,仙台市,成約築年数,value,26.89,年,2025-06,False
2025-05,mansion,仙台市,成約築年数,value,27.46,年,2025-06,False
2025-06,mansion,仙台市,成約築年数,value,28.33,年,2025-06,False
2024-01,mansion,千葉県,成約㎡単価,mom_pct,7.5,％,2025-01,False
2024-02,mansion,千葉県,成約㎡単価,mom_pct,4.5,％,2025-02,False
2024-03,mansion,千葉県,成約㎡単価,mom_pct,-2.1,％,2025-03,False
2024-04,mansion,千葉県,成約㎡単価,mom_pct,1.9,％,2025-04,False
2024-05,mansion,千葉県,成約㎡単価,mom_pct,-4.7,％,2025-05,False
2024-06,mansion,千葉県,成約㎡単価,mom_pct,3.7,％,2025-06,False
2024-07,mansion,千葉県,成約㎡単価,mom_pct,0.4,％,2025-06,False
2024-08,mansion,千葉県,成約㎡単価,mom_pct,-4.8,％,2025-06,False
2024-09,mansion,千葉県,成約㎡単価,mom_pct,9.5,％,2025-06,False
2024-10,mansion,千葉県,成約㎡単価,mom_pct,-7.3,％,2025-06,False
2024-11,mansion,千葉県,成約㎡単価,mom_pct,3.8,％,2025-06,False
2024-12,mansion,千葉県,成約㎡単価,mom_pct,-3.0,％,2025-06,False
2025-01,mansion,千葉県,成約㎡単価,mom_pct,4.3,％,2025-06,False
2025-02,mansion,千葉県,成約㎡単価,mom_pct,-0.02,％,2025-06,True
2025-03,mansion,千葉県,成約㎡単価,mom_pct,-9.7,％,2025-06,False
2025-04,mansion,千葉県,成約㎡単価,mom_pct,2.7,％,2025-06,False
2025-05,mansion,千葉県,成約㎡単価,mom_pct,4.4,％,2025-06,False
2025-06,mansion,千葉県,成約㎡単価,mom_pct,-8.5,％,2025-06,False
2024-01,mansion,千葉県,成約㎡単価,value,39.38,万円/㎡,2025-01,False
2024-02,mansion,千葉県,成約㎡単価,value,41.15,万円/㎡,2025-02,False
2024-03,mansion,千葉県,成約㎡単価,value,40.28,万円/㎡,2025-03,False
2024-04,mansion,千葉県,成約㎡単価,value,41.05,万円/㎡,2025-04,False
2024-05,mansion,千葉県,成約㎡単価,value,39.1,万円/㎡,2025-05,False
2024-06,mansion,千葉県,成約㎡単価,value,40.54,万円/㎡,2025-06,False
2024-07,mansion,千葉県,成約㎡単価,value,40.72,万円/㎡,2025-06,False
2024-08,mansion,千葉県,成約㎡単価,value,38.77,万円/㎡,2025-06,False
2024-09,mansion,千葉県,成約㎡単価,value,42.44,万円/㎡,2025-06,False
2024-10,mansion,千葉県,成約㎡単価,value,39.32,万円/㎡,2025-06,False
2024-11,mansion,千葉県,成約㎡単価,value,40.81,万円/㎡,2025-06,False
2024-12,mansion,千葉県,成約㎡単価,value,39.6,万円/㎡,2025-06,False
2025-01,mansion,千葉県,成約㎡単価,value,41.29,万円/㎡,2025-06,False
2025-02,mansion,千葉県,成約㎡単価,value,41.28,万円/㎡,2025-06,False
2025-03,mansion,千葉県,成約㎡単価,value,37.26,万円/㎡,2025-06,False
2025-04,mansion,千葉県,成約㎡単価,value,38.27,万円/㎡,2025-06,False
2025-05,mansion,千葉県,成約㎡単価,value,39.95,万円/㎡,2025-06,False
2025-06,mansion,千葉県,成約㎡単価,value,36.57,万円/㎡,2025-06,False
2024-01,mansion,千葉県,成約㎡単価,yoy_pct,8.3,％,2025-01,False
2024-02,mansion,千葉県,成約㎡単価,yoy_pct,5.8,％,2025-02,False
2024-03,mansion,千葉県,成約㎡単価,yoy_pct,9.6,％,2025-03,False
2024-04,mansion,千葉県,成約㎡単価,yoy_pct,11.3,％,2025-04,False
2024-05,mansion,千葉県,成約㎡単価,yoy_pct,5.5,％,2025-05,False
2024-06,mansion,千葉県,成約㎡単価,yoy_pct,7.5,％,2025-06,False
2024-07,mansion,千葉県,成約㎡単価,yoy_pct,7.2,％,2025-06,False
2024-08,mansion,千葉県,成約㎡単価,yoy_pct,-0.7,％,2025-06,False
2024-09,mansion,千葉県,成約㎡単価,yoy_pct,5.4,％,2025-06,False
2024-10,mansion,千葉県,成約㎡単価,yoy_pct,-2.9,％,2025-06,False
2024-11,mansion,千葉県,成約㎡単価,yoy_pct,7.2,％,2025-06,False
2024-12,mansion,千葉県,成約㎡単価,yoy_pct,8.1,％,2025-06,False
2025-01,mansion,千葉県,成約㎡単価,yoy_pct,4.9,％,2025-06,False
2025-02,mansion,千葉県,成約㎡単価,yoy_pct,0.3,％,2025-06,False
2025-03,mansion,千葉県,成約㎡単価,yoy_pct,-7.5,％,2025-06,False
2025-04,mansion,千葉県,成約㎡単価,yoy_pct,-6.8,％,2025-06,False
2025-05,mansion,千葉県,成約㎡単価,yoy_pct,2.2,％,2025-06,False
2025-06,mansion,千葉県,成約㎡単価,yoy_pct,-9.8,％,2025-06,False
2024-01,mansion,千葉県,成約件数,mom_pct,-9.0,％,2025-01,False
2024-02,mansion,千葉県,成約件数,mom_pct,38.7,％,2025-02,False
2024-03,mansion,千葉県,成約件数,mom_pct,3.1,％,2025-03,False
2024-04,mansion,千葉県,成約件数,mom_pct,-14.4,％,2025-03,False
2024-05,mansion,千葉県,成約件数,mom_pct,-11.5,％,2025-03,False
2024-06,mansion,千葉県,成約件数,mom_pct,15.5,％,2025-03,False
2024-07,mansion,千葉県,成約件数,mom_pct,-2.1,％,2025-03,False
2024-08,mansion,千葉県,成約件数,mom_pct,-23.9,％,2025-03,False
2024-09,mansion,千葉県,成約件数,mom_pct,48.2,％,2025-03,False
2024-10,mansion,千葉県,成約件数,mom_pct,-3.1,％,2025-03,False
2024-11,mansion,千葉県,成約件数,mom_pct,-8.8,％,2025-03,False
2024-12,mansion,千葉県,成約件数,mom_pct,1.3,％,2025-03,False
2025-01,mansion,千葉県,成約件数,mom_pct,-2.9,％,2025-03,False
2025-02,mansion,千葉県,成約件数,mom_pct,21.6,％,2025-03,False
2025-03,mansion,千葉県,成約件数,mom_pct,25.8,％,2025-03,False
2024-01,mansion,千葉県,成約件数,value,305.0,件,2025-01,False
2024-02,mansion,千葉県,成約件数,value,423,件,2025-02,False
2024-03,mansion,千葉県,成約件数,value,436,件,2025-03,False
2024-04,mansion,千葉県,成約件数,value,373,件,2025-04,False
2024-05,mansion,千葉県,成約件数,value,330,件,2025-05,False
2024-06,mansion,千葉県,成約件数,value,381.0,件,2025-06,False
2024-07,mansion,千葉県,成約件数,value,373.0,件,2025-06,False
2024-08,mansion,千葉県,成約件数,value,284.0,件,2025-06,False
2024-09,mansion,千葉県,成約件数,value,421.0,件,2025-06,False
2024-10,mansion,千葉県,成約件数,value,408.0,件,2025-06,False
2024-11,mansion,千葉県,成約件数,value,372.0,件,2025-06,False
2024-12,mansion,千葉県,成約件数,value,377.0,件,2025-06,False
2025-01,mansion,千葉県,成約件数,value,366.0,件,2025-06,False
2025-02,mansion,千葉県,成約件数,value,445.0,件,2025-06,False
2025-03,mansion,千葉県,成約件数,value,560.0,件,2025-06,False
2025-04,mansion,千葉県,成約件数,value,439.0,件,2025-06,False
2025-05,mansion,千葉県,成約件数,value,371.0,件,2025-06,False
2025-06,mansion,千葉県,成約件数,value,427.0,件,2025-06,False
2024-01,mansion,千葉県,成約件数,yoy_pct,6.3,％,2025-01,False
2024-02,mansion,千葉県,成約件数,yoy_pct,7.6,％,2025-02,False
2024-03,mansion,千葉県,成約件数,yoy_pct,5.8,％,2025-03,False
2024-04,mansion,千葉県,成約件数,yoy_pct,2.2,％,2025-04,False
2024-05,mansion,千葉県,成約件数,yoy_pct,2.5,％,2025-05,False
2024-06,mansion,千葉県,成約件数,yoy_pct,5.0,％,2025-06,False
2024-07,mansion,千葉県,成約件数,yoy_pct,0.3,％,2025-06,False
2024-08,mansion,千葉県,成約件数,yoy_pct,9.2,％,2025-06,False
2024-09,mansion,千葉県,成約件数,yoy_pct,19.9,％,2025-06,False
2024-10,mansion,千葉県,成約件数,yoy_pct,10.6,％,2025-06,False
2024-11,mansion,千葉県,成約件数,yoy_pct,6.0,％,2025-06,False
2024-12,mansion,千葉県,成約件数,yoy_pct,12.5,％,2025-06,False
2025-01,mansion,千葉県,成約件数,yoy_pct,20.0,％,2025-06,False
2025-02,mansion,千葉県,成約件数,yoy_pct,5.2,％,2025-06,False
2025-03,mansion,千葉県,成約件数,yoy_pct,28.4,％,2025-06,False
2025-04,mansion,千葉県,成約件数,yoy_pct,17.7,％,2025-06,False
2025-05,mansion,千葉県,成約件数,yoy_pct,12.4,％,2025-06,False
2025-06,mansion,千葉県,成約件数,yoy_pct,12.1,％,2025-06,False
2025-04,mansion,千葉県,成約価格,value,2706,万円,2025-04,False
2025-05,mansion,千葉県,成約価格,value,2910,万円,2025-05,False
2025-06,mansion,千葉県,成約価格,value,2629,万円,2025-06,False
2025-04,mansion,千葉県,成約価格,yoy_pct,-10.1,％,2025-04,False
2025-05,mansion,千葉県,成約価格,yoy_pct,3.2,％,2025-05,False
2025-06,mansion,千葉県,成約価格,yoy_pct,-9.3,％,2025-06,False
2025-04,mansion,千葉県,成約専有面積,value,70.72,㎡,2025-04,False
2025-05,mansion,千葉県,成約専有面積,value,72.83,㎡,2025-05,False
2025-06,mansion,千葉県,成約専有面積,value,71.89,㎡,2025-06,False
2025-04,mansion,千葉県,成約専有面積,yoy_pct,-3.6,％,2025-04,False
2025-05,mansion,千葉県,成約専有面積,yoy_pct,1.0,％,2025-05,False
2025-06,mansion,千葉県,成約専有面積,yoy_pct,0.5,％,2025-06,False
2025-04,mansion,千葉県,成約築年数,value,29.45,年,2025-04,False
2025-05,mansion,千葉県,成約築年数,value,29.74,年,2025-05,False
2025-06,mansion,千葉県,成約築年数,value,30.85,年,2025-06,False
2024-01,mansion,埼玉県,成約㎡単価,mom_pct,-3.0,％,2025-01,False
2024-02,mansion,埼玉県,成約㎡単価,mom_pct,4.8,％,2025-02,False
2024-03,mansion,埼玉県,成約㎡単価,mom_pct,-2.8,％,2025-03,False
2024-04,mansion,埼玉県,成約㎡単価,mom_pct,-4.9,％,2025-04,False
2024-05,mansion,埼玉県,成約㎡単価,mom_pct,2.6,％,2025-05,False
2024-06,mansion,埼玉県,成約㎡単価,mom_pct,-2.3,％,2025-06,False
2024-07,mansion,埼玉県,成約㎡単価,mom_pct,4.8,％,2025-06,False
2024-08,mansion,埼玉県,成約㎡単価,mom_pct,-3.6,％,2025-06,False
2024-09,mansion,埼玉県,成約㎡単価,mom_pct,7.5,％,2025-06,False
2024-10,mansion,埼玉県,成約㎡単価,mom_pct,-4.2,％,2025-06,False
2024-11,mansion,埼玉県,成約㎡単価,mom_pct,-3.1,％,2025-06,False
2024-12,mansion,埼玉県,成約㎡単価,mom_pct,6.8,％,2025-06,False
2025-01,mansion,埼玉県,成約㎡単価,mom_pct,-6.6,％,2025-06,False
2025-02,mansion,埼玉県,成約㎡単価,mom_pct,2.7,％,2025-06,False
2025-03,mansion,埼玉県,成約㎡単価,mom_pct,-3.2,％,2025-06,False
2025-04,mansion,埼玉県,成約㎡単価,mom_pct,0.6,％,2025-06,False
2025-05,mansion,埼玉県,成約㎡単価,mom_pct,-0.6,％,2025-06,False
2025-06,mansion,埼玉県,成約㎡単価,mom_pct,2.9,％,2025-06,False
2024-01,mansion,埼玉県,成約㎡単価,value,43.42,万円/㎡,2025-01,False
2024-02,mansion,埼玉県,成約㎡単価,value,45.52,万円/㎡,2025-02,False
2024-03,mansion,埼玉県,成約㎡単価,value,44.23,万円/㎡,2025-03,False
2024-04,mansion,埼玉県,成約㎡単価,value,42.05,万円/㎡,2025-04,False
2024-05,mansion,埼玉県,成約㎡単価,value,43.16,万円/㎡,2025-05,False
2024-06,mansion,埼玉県,成約㎡単価,value,42.15,万円/㎡,2025-06,False
2024-07,mansion,埼玉県,成約㎡単価,value,44.16,万円/㎡,2025-06,False
2024-08,mansion,埼玉県,成約㎡単価,value,42.56,万円/㎡,2025-06,False
2024-09,mansion,埼玉県,成約㎡単価,value,45.74,万円/㎡,2025-06,False
2024-10,mansion,埼玉県,成約㎡単価,value,43.83,万円/㎡,2025-06,False
2024-11,mansion,埼玉県,成約㎡単価,value,42.47,万円/㎡,2025-06,False
2024-12,mansion,埼玉県,成約㎡単価,value,45.34,万円/㎡,2025-06,False
2025-01,mansion,埼玉県,成約㎡単価,value,42.34,万円/㎡,2025-06,False
2025-02,mansion,埼玉県,成約㎡単価,value,43.49,万円/㎡,2025-06,False
2025-03,mansion,埼玉県,成約㎡単価,value,42.09,万円/㎡,2025-06,False
2025-04,mansion,埼玉県,成約㎡単価,value,42.35,万円/㎡,2025-06,False
2025-05,mansion,埼玉県,成約㎡単価,value,42.1,万円/㎡,2025-06,False
2025-06,mansion,埼玉県,成約㎡単価,value,43.32,万円/㎡,2025-06,False
2024-01,mansion,埼玉県,成約㎡単価,yoy_pct,8.6,％,2025-01,False
2024-02,mansion,埼玉県,成約㎡単価,yoy_pct,9.5,％,2025-02,False
2024-03,mansion,埼玉県,成約㎡単価,yoy_pct,-0.6,％,2025-03,False
2024-04,mansion,埼玉県,成約㎡単価,yoy_pct,4.9,％,2025-04,False
2024-05,mansion,埼玉県,成約㎡単価,yoy_pct,5.3,％,2025-05,False
2024-06,mansion,埼玉県,成約㎡単価,yoy_pct,-0.9,％,2025-06,False
2024-07,mansion,埼玉県,成約㎡単価,yoy_pct,0.1,％,2025-06,False
2024-08,mansion,埼玉県,成約㎡単価,yoy_pct,1.4,％,2025-06,False
2024-09,mansion,埼玉県,成約㎡単価,yoy_pct,7.4,％,2025-06,False
2024-10,mansion,埼玉県,成約㎡単価,yoy_pct,3.5,％,2025-06,False
2024-11,mansion,埼玉県,成約㎡単価,yoy_pct,6.1,％,2025-06,False
2024-12,mansion,埼玉県,成約㎡単価,yoy_pct,1.3,％,2025-06,False
2025-01,mansion,埼玉県,成約㎡単価,yoy_pct,-2.5,％,2025-06,False
2025-02,mansion,埼玉県,成約㎡単価,yoy_pct,-4.5,％,2025-06,False
2025-03,mansion,埼玉県,成約㎡単価,yoy_pct,-4.8,％,2025-06,False
2025-04,mansion,埼玉県,成約㎡単価,yoy_pct,0.7,％,2025-06,False
2025-05,mansion,埼玉県,成約㎡単価,yoy_pct,-2.5,％,2025-06,False
2025-06,mansion,埼玉県,成約㎡単価,yoy_pct,2.8,％,2025-06,False
2024-01,mansion,埼玉県,成約件数,mom_pct,-7.7,％,2025-01,False
2024-02,mansion,埼玉県,成約件数,mom_pct,28.5,％,2025-02,False
2024-03,mansion,埼玉県,成約件数,mom_pct,14.9,％,2025-03,False
2024-04,mansion,埼玉県,成約件数,mom_pct,-20.9,％,2025-03,False
2024-05,mansion,埼玉県,成約件数,mom_pct,-5.5,％,2025-03,False
2024-06,mansion,埼玉県,成約件数,mom_pct,5.2,％,2025-03,False
2024-07,mansion,埼玉県,成約件数,mom_pct,9.2,％,2025-03,False
2024-08,mansion,埼玉県,成約件数,mom_pct,-34.7,％,2025-03,False
2024-09,mansion,埼玉県,成約件数,mom_pct,31.6,％,2025-03,False
2024-10,mansion,埼玉県,成約件数,mom_pct,15.7,％,2025-03,False
2024-11,mansion,埼玉県,成約件数,mom_pct,-12.0,％,2025-03,False
2024-12,mansion,埼玉県,成約件数,mom_pct,0.6,％,2025-03,False
2025-01,mansion,埼玉県,成約件数,mom_pct,9.0,％,2025-03,False
2025-02,mansion,埼玉県,成約件数,mom_pct,24.5,％,2025-03,False
2025-03,mansion,埼玉県,成約件数,mom_pct,26.8,％,2025-03,False
2024-01,mansion,埼玉県,成約件数,value,298.0,件,2025-01,False
2024-02,mansion,埼玉県,成約件数,value,383,件,2025-02,False
2024-03,mansion,埼玉県,成約件数,value,440,件,2025-03,False
2024-04,mansion,埼玉県,成約件数,value,348,件,2025-04,False
2024-05,mansion,埼玉県,成約件数,value,329,件,2025-05,False
2024-06,mansion,埼玉県,成約件数,value,346.0,件,2025-06,False
2024-07,mansion,埼玉県,成約件数,value,378.0,件,2025-06,False
2024-08,mansion,埼玉県,成約件数,value,247.0,件,2025-06,False
2024-09,mansion,埼玉県,成約件数,value,325.0,件,2025-06,False
2024-10,mansion,埼玉県,成約件数,value,376.0,件,2025-06,False
2024-11,mansion,埼玉県,成約件数,value,331.0,件,2025-06,False
2024-12,mansion,埼玉県,成約件数,value,333.0,件,2025-06,False
2025-01,mansion,埼玉県,成約件数,value,363.0,件,2025-06,False
2025-02,mansion,埼玉県,成約件数,value,452.0,件,2025-06,False
2025-03,mansion,埼玉県,成約件数,value,573.0,件,2025-06,False
2025-04,mansion,埼玉県,成約件数,value,450.0,件,2025-06,False
2025-05,mansion,埼玉県,成約件数,value,445.0,件,2025-06,False
2025-06,mansion,埼玉県,成約件数,value,509.0,件,2025-06,False
2024-01,mansion,埼玉県,成約件数,yoy_pct,3.5,％,2025-01,False
2024-02,mansion,埼玉県,成約件数,yoy_pct,8.2,％,2025-02,False
2024-03,mansion,埼玉県,成約件数,yoy_pct,22.6,％,2025-03,False
2024-04,mansion,埼玉県,成約件数,yoy_pct,8.1,％,2025-04,False
2024-05,mansion,埼玉県,成約件数,yoy_pct,8.9,％,2025-05,False
2024-06,mansion,埼玉県,成約件数,yoy_pct,8.5,％,2025-06,False
2024-07,mansion,埼玉県,成約件数,yoy_pct,12.2,％,2025-06,False
2024-08,mansion,埼玉県,成約件数,yoy_pct,0.0,％,2025-06,False
2024-09,mansion,埼玉県,成約件数,yoy_pct,-4.1,％,2025-06,False
2024-10,mansion,埼玉県,成約件数,yoy_pct,5.3,％,2025-06,False
2024-11,mansion,埼玉県,成約件数,yoy_pct,5.8,％,2025-06,False
2024-12,mansion,埼玉県,成約件数,yoy_pct,3.1,％,2025-06,False
2025-01,mansion,埼玉県,成約件数,yoy_pct,21.8,％,2025-06,False
2025-02,mansion,埼玉県,成約件数,yoy_pct,18.0,％,2025-06,False
2025-03,mansion,埼玉県,成約件数,yoy_pct,30.2,％,2025-06,False
2025-04,mansion,埼玉県,成約件数,yoy_pct,29.3,％,2025-06,False
2025-05,mansion,埼玉県,成約件数,yoy_pct,35.3,％,2025-06,False
2025-06,mansion,埼玉県,成約件数,yoy_pct,47.1,％,2025-06,False
2025-04,mansion,埼玉県,成約価格,value,2871,万円,2025-04,False
2025-05,mansion,埼玉県,成約価格,value,2807,万円,2025-05,False
2025-06,mansion,埼玉県,成約価格,value,2906,万円,2025-06,False
2025-04,mansion,埼玉県,成約価格,yoy_pct,0.7,％,2025-04,False
2025-05,mansion,埼玉県,成約価格,yoy_pct,-3.9,％,2025-05,False
2025-06,mansion,埼玉県,成約価格,yoy_pct,1.9,％,2025-06,False
2025-04,mansion,埼玉県,成約専有面積,value,67.8,㎡,2025-04,False
2025-05,mansion,埼玉県,成約専有面積,value,66.66,㎡,2025-05,False
2025-06,mansion,埼玉県,成約専有面積,value,67.09,㎡,2025-06,False
2025-04,mansion,埼玉県,成約専有面積,yoy_pct,0.01,％,2025-04,False
2025-05,mansion,埼玉県,成約専有面積,yoy_pct,-1.5,％,2025-05,False
2025-06,mansion,埼玉県,成約専有面積,yoy_pct,-0.8,％,2025-06,False
2025-04,mansion,埼玉県,成約築年数,value,27.95,年,2025-04,False
2025-05,mansion,埼玉県,成約築年数,value,28.75,年,2025-05,False
2025-06,mansion,埼玉県,成約築年数,value,27.49,年,2025-06,False
2024-01,mansion,札幌市,成約㎡単価,mom_pct,2.4,％,2025-01,False
2024-02,mansion,札幌市,成約㎡単価,mom_pct,2.0,％,2025-02,False
2024-03,mansion,札幌市,成約㎡単価,mom_pct,-9.7,％,2025-03,False
2024-04,mansion,札幌市,成約㎡単価,mom_pct,15.3,％,2025-04,False
2024-05,mansion,札幌市,成約㎡単価,mom_pct,-12.2,％,2025-05,False
2024-06,mansion,札幌市,成約㎡単価,mom_pct,9.1,％,2025-06,False
2024-07,mansion,札幌市,成約㎡単価,mom_pct,-10.5,％,2025-06,False
2024-08,mansion,札幌市,成約㎡単価,mom_pct,0.8,％,2025-06,False
2024-09,mansion,札幌市,成約㎡単価,mom_pct,11.6,％,2025-06,False
2024-10,mansion,札幌市,成約㎡単価,mom_pct,-3.7,％,2025-06,False
2024-11,mansion,札幌市,成約㎡単価,mom_pct,-4.6,％,2025-06,False
2024-12,mansion,札幌市,成約㎡単価,mom_pct,6.5,％,2025-06,False
2025-01,mansion,札幌市,成約㎡単価,mom_pct,2.2,％,2025-06,False
2025-02,mansion,札幌市,成約㎡単価,mom_pct,8.6,％,2025-06,False
2025-03,mansion,札幌市,成約㎡単価,mom_pct,-13.4,％,2025-06,False
2025-04,mansion,札幌市,成約㎡単価,mom_pct,1.9,％,2025-06,False
2025-05,mansion,札幌市,成約㎡単価,mom_pct,-9.3,％,2025-06,False
2025-06,mansion,札幌市,成約㎡単価,mom_pct,16.0,％,2025-06,False
2024-01,mansion,札幌市,成約㎡単価,value,31.06,万円/㎡,2025-01,False
2024-02,mansion,札幌市,成約㎡単価,value,31.68,万円/㎡,2025-02,False
2024-03,mansion,札幌市,成約㎡単価,value,28.61,万円/㎡,2025-03,False
2024-04,mansion,札幌市,成約㎡単価,value,32.99,万円/㎡,2025-04,False
2024-05,mansion,札幌市,成約㎡単価,value,28.96,万円/㎡,2025-05,False
2024-06,mansion,札幌市,成約㎡単価,value,31.59,万円/㎡,2025-06,False
2024-07,mansion,札幌市,成約㎡単価,value,28.28,万円/㎡,2025-06,False
2024-08,mansion,札幌市,成約㎡単価,value,28.5,万円/㎡,2025-06,False
2024-09,mansion,札幌市,成約㎡単価,value,31.81,万円/㎡,2025-06,False
2024-10,mansion,札幌市,成約㎡単価,value,30.62,万円/㎡,2025-06,False
2024-11,mansion,札幌市,成約㎡単価,value,29.2,万円/㎡,2025-06,False
2024-12,mansion,札幌市,成約㎡単価,value,31.1,万円/㎡,2025-06,False
2025-01,mansion,札幌市,成約㎡単価,value,31.78,万円/㎡,2025-06,False
2025-02,mansion,札幌市,成約㎡単価,value,34.5,万円/㎡,2025-06,False
2025-03,mansion,札幌市,成約㎡単価,value,29.89,万円/㎡,2025-06,False
2025-04,mansion,札幌市,成約㎡単価,value,30.47,万円/㎡,2025-06,False
2025-05,mansion,札幌市,成約㎡単価,value,27.63,万円/㎡,2025-06,False
2025-06,mansion,札幌市,成約㎡単価,value,32.05,万円/㎡,2025-06,False
2024-01,mansion,札幌市,成約㎡単価,yoy_pct,20.0,％,2025-01,False
2024-02,mansion,札幌市,成約㎡単価,yoy_pct,5.4,％,2025-02,False
2024-03,mansion,札幌市,成約㎡単価,yoy_pct,0.4,％,2025-03,False
2024-04,mansion,札幌市,成約㎡単価,yoy_pct,9.7,％,2025-04,False
2024-05,mansion,札幌市,成約㎡単価,yoy_pct,-3.4,％,2025-05,False
2024-06,mansion,札幌市,成約㎡単価,yoy_pct,2.4,％,2025-06,False
2024-07,mansion,札幌市,成約㎡単価,yoy_pct,-8.9,％,2025-06,False
2024-08,mansion,札幌市,成約㎡単価,yoy_pct,-10.2,％,2025-06,False
2024-09,mansion,札幌市,成約㎡単価,yoy_pct,4.5,％,2025-06,False
2024-10,mansion,札幌市,成約㎡単価,yoy_pct,-2.8,％,2025-06,False
2024-11,mansion,札幌市,成約㎡単価,yoy_pct,4.3,％,2025-06,False
2024-12,mansion,札幌市,成約㎡単価,yoy_pct,2.5,％,2025-06,False
2025-01,mansion,札幌市,成約㎡単価,yoy_pct,2.3,％,2025-06,False
2025-02,mansion,札幌市,成約㎡単価,yoy_pct,8.9,％,2025-06,False
2025-03,mansion,札幌市,成約㎡単価,yoy_pct,4.5,％,2025-06,False
2025-04,mansion,札幌市,成約㎡単価,yoy_pct,-7.6,％,2025-06,False
2025-05,mansion,札幌市,成約㎡単価,yoy_pct,-4.6,％,2025-06,False
2025-06,mansion,札幌市,成約㎡単価,yoy_pct,1.5,％,2025-06,False
2024-01,mansion,札幌市,成約件数,mom_pct,3.2,％,2025-01,False
2024-02,mansion,札幌市,成約件数,mom_pct,11.7,％,2025-02,False
2024-03,mansion,札幌市,成約件数,mom_pct,23.2,％,2025-03,False
2024-04,mansion,札幌市,成約件数,mom_pct,-5.8,％,2025-03,False
2024-05,mansion,札幌市,成約件数,mom_pct,-3.8,％,2025-03,False
2024-06,mansion,札幌市,成約件数,mom_pct,12.9,％,2025-03,False
2024-07,mansion,札幌市,成約件数,mom_pct,-10.1,％,2025-03,False
2024-08,mansion,札幌市,成約件数,mom_pct,-13.2,％,2025-03,False
2024-09,mansion,札幌市,成約件数,mom_pct,18.5,％,2025-03,False
2024-10,mansion,札幌市,成約件数,mom_pct,-10.4,％,2025-03,False
2024-11,mansion,札幌市,成約件数,mom_pct,19.6,％,2025-03,False
2024-12,mansion,札幌市,成約件数,mom_pct,-25.7,％,2025-03,False
2025-01,mansion,札幌市,成約件数,mom_pct,-10.7,％,2025-03,False
2025-02,mansion,札幌市,成約件数,mom_pct,59.3,％,2025-03,False
2025-03,mansion,札幌市,成約件数,mom_pct,7.5,％,2025-03,False
2024-01,mansion,札幌市,成約件数,value,162,件,2025-01,False
2024-02,mansion,札幌市,成約件数,value,181,件,2025-02,False
2024-03,mansion,札幌市,成約件数,value,223,件,2025-03,False
2024-04,mansion,札幌市,成約件数,value,210,件,2025-04,False
2024-05,mansion,札幌市,成約件数,value,202,件,2025-05,False
2024-06,mansion,札幌市,成約件数,value,228,件,2025-06,False
2024-07,mansion,札幌市,成約件数,value,205,件,2025-06,False
2024-08,mansion,札幌市,成約件数,value,178,件,2025-06,False
2024-09,mansion,札幌市,成約件数,value,211,件,2025-06,False
2024-10,mansion,札幌市,成約件数,value,189,件,2025-06,False
2024-11,mansion,札幌市,成約件数,value,226,件,2025-06,False
2024-12,mansion,札幌市,成約件数,value,168,件,2025-06,False
2025-01,mansion,札幌市,成約件数,value,150,件,2025-06,False
2025-02,mansion,札幌市,成約件数,value,239,件,2025-06,False
2025-03,mansion,札幌市,成約件数,value,257,件,2025-06,False
2025-04,mansion,札幌市,成約件数,value,227,件,2025-06,False
2025-05,mansion,札幌市,成約件数,value,231,件,2025-06,False
2025-06,mansion,札幌市,成約件数,value,231,件,2025-06,False
2024-01,mansion,札幌市,成約件数,yoy_pct,10.2,％,2025-01,False
2024-02,mansion,札幌市,成約件数,yoy_pct,7.1,％,2025-02,False
2024-03,mansion,札幌市,成約件数,yoy_pct,21.2,％,2025-03,False
2024-04,mansion,札幌市,成約件数,yoy_pct,14.1,％,2025-04,False
2024-05,mansion,札幌市,成約件数,yoy_pct,38.4,％,2025-05,False
2024-06,mansion,札幌市,成約件数,yoy_pct,19.4,％,2025-06,False
2024-07,mansion,札幌市,成約件数,yoy_pct,18.5,％,2025-06,False
2024-08,mansion,札幌市,成約件数,yoy_pct,15.6,％,2025-06,False
2024-09,mansion,札幌市,成約件数,yoy_pct,-2.8,％,2025-06,False
2024-10,mansion,札幌市,成約件数,yoy_pct,-1.0,％,2025-06,False
2024-11,mansion,札幌市,成約件数,yoy_pct,20.9,％,2025-06,False
2024-12,mansion,札幌市,成約件数,yoy_pct,7.0,％,2025-06,False
2025-01,mansion,札幌市,成約件数,yoy_pct,-7.4,％,2025-06,False
2025-02,mansion,札幌市,成約件数,yoy_pct,32.0,％,2025-06,False
2025-03,mansion,札幌市,成約件数,yoy_pct,15.2,％,2025-06,False
2025-04,mansion,札幌市,成約件数,yoy_pct,8.1,％,2025-06,False
2025-05,mansion,札幌市,成約件数,yoy_pct,14.4,％,2025-06,False
2025-06,mansion,札幌市,成約件数,yoy_pct,1.3,％,2025-06,False
2024-01,mansion,札幌市,成約価格,mom_pct,3.9,％,2025-01,False
2024-02,mansion,札幌市,成約価格,mom_pct,5.5,％,2025-02,False
2024-03,mansion,札幌市,成約価格,mom_pct,-13.6,％,2025-03,False
2024-04,mansion,札幌市,成約価格,mom_pct,15.0,％,2025-04,False
2024-05,mansion,札幌市,成約価格,mom_pct,-14.4,％,2025-05,False
2024-06,mansion,札幌市,成約価格,mom_pct,9.0,％,2025-06,False
2024-07,mansion,札幌市,成約価格,mom_pct,-6.5,％,2025-06,False
2024-08,mansion,札幌市,成約価格,mom_pct,0.6,％,2025-06,False
2024-09,mansion,札幌市,成約価格,mom_pct,9.1,％,2025-06,False
2024-10,mansion,札幌市,成約価格,mom_pct,-3.0,％,2025-06,False
2024-11,mansion,札幌市,成約価格,mom_pct,-5.1,％,2025-06,False
2024-12,mansion,札幌市,成約価格,mom_pct,6.4,％,2025-06,False
2025-01,mansion,札幌市,成約価格,mom_pct,-1.5,％,2025-06,False
2025-02,mansion,札幌市,成約価格,mom_pct,10.4,％,2025-06,False
2025-03,mansion,札幌市,成約価格,mom_pct,-13.5,％,2025-06,False
2025-04,mansion,札幌市,成約価格,mom_pct,4.0,％,2025-06,False
2025-05,mansion,札幌市,成約価格,mom_pct,-12.0,％,2025-06,False
2025-06,mansion,札幌市,成約価格,mom_pct,13.9,％,2025-06,False
2024-01,mansion,札幌市,成約価格,value,2422,万円,2025-01,False
2024-02,mansion,札幌市,成約価格,value,2554,万円,2025-02,False
2024-03,mansion,札幌市,成約価格,value,2208,万円,2025-03,False
2024-04,mansion,札幌市,成約価格,value,2538,万円,2025-04,False
2024-05,mansion,札幌市,成約価格,value,2171,万円,2025-05,False
2024-06,mansion,札幌市,成約価格,value,2367.0,万円,2025-06,False
2024-07,mansion,札幌市,成約価格,value,2214.0,万円,2025-06,False
2024-08,mansion,札幌市,成約価格,value,2228.0,万円,2025-06,False
2024-09,mansion,札幌市,成約価格,value,2430.0,万円,2025-06,False
2024-10,mansion,札幌市,成約価格,value,2357.0,万円,2025-06,False
2024-11,mansion,札幌市,成約価格,value,2237.0,万円,2025-06,False
2024-12,mansion,札幌市,成約価格,value,2380.0,万円,2025-06,False
2025-01,mansion,札幌市,成約価格,value,2345.0,万円,2025-06,False
2025-02,mansion,札幌市,成約価格,value,2589.0,万円,2025-06,False
2025-03,mansion,札幌市,成約価格,value,2239.0,万円,2025-06,False
2025-04,mansion,札幌市,成約価格,value,2328.0,万円,2025-06,False
2025-05,mansion,札幌市,成約価格,value,2049.0,万円,2025-06,False
2025-06,mansion,札幌市,成約価格,value,2334.0,万円,2025-06,False
2024-01,mansion,札幌市,成約価格,yoy_pct,23.3,％,2025-01,False
2024-02,mansion,札幌市,成約価格,yoy_pct,8.3,％,2025-02,False
2024-03,mansion,札幌市,成約価格,yoy_pct,1.0,％,2025-03,False
2024-04,mansion,札幌市,成約価格,yoy_pct,13.6,％,2025-04,False
2024-05,mansion,札幌市,成約価格,yoy_pct,-2.0,％,2025-05,False
2024-06,mansion,札幌市,成約価格,yoy_pct,2.6,％,2025-06,False
2024-07,mansion,札幌市,成約価格,yoy_pct,-5.6,％,2025-06,False
2024-08,mansion,札幌市,成約価格,yoy_pct,-7.9,％,2025-06,False
2024-09,mansion,札幌市,成約価格,yoy_pct,4.4,％,2025-06,False
2024-10,mansion,札幌市,成約価格,yoy_pct,-3.0,％,2025-06,False
2024-11,mansion,札幌市,成約価格,yoy_pct,5.8,％,2025-06,False
2024-12,mansion,札幌市,成約価格,yoy_pct,2.1,％,2025-06,False
2025-01,mansion,札幌市,成約価格,yoy_pct,-3.2,％,2025-06,False
2025-02,mansion,札幌市,成約価格,yoy_pct,1.4,％,2025-06,False
2025-03,mansion,札幌市,成約価格,yoy_pct,1.4,％,2025-06,False
2025-04,mansion,札幌市,成約価格,yoy_pct,-8.3,％,2025-06,False
2025-05,mansion,札幌市,成約価格,yoy_pct,-5.6,％,2025-06,False
2025-06,mansion,札幌市,成約価格,yoy_pct,-1.4,％,2025-06,False
2024-04,mansion,札幌市,成約専有面積,mom_pct,-0.3,％,2025-04,False
2024-05,mansion,札幌市,成約専有面積,mom_pct,-2.6,％,2025-05,False
2024-06,mansion,札幌市,成約専有面積,mom_pct,-0.1,％,2025-06,False
2024-07,mansion,札幌市,成約専有面積,mom_pct,4.5,％,2025-06,False
2024-08,mansion,札幌市,成約専有面積,mom_pct,-0.2,％,2025-06,False
2024-09,mansion,札幌市,成約専有面積,mom_pct,-2.3,％,2025-06,False
2024-10,mansion,札幌市,成約専有面積,mom_pct,0.8,％,2025-06,False
2024-11,mansion,札幌市,成約専有面積,mom_pct,-0.5,％,2025-06,False
2024-12,mansion,札幌市,成約専有面積,mom_pct,-0.1,％,2025-06,False
2025-01,mansion,札幌市,成約専有面積,mom_pct,-3.6,％,2025-06,False
2025-02,mansion,札幌市,成約専有面積,mom_pct,1.7,％,2025-06,False
2025-03,mansion,札幌市,成約専有面積,mom_pct,-0.2,％,2025-06,False
2025-04,mansion,札幌市,成約専有面積,mom_pct,2.0,％,2025-06,False
2025-05,mansion,札幌市,成約専有面積,mom_pct,-3.0,％,2025-06,False
2025-06,mansion,札幌市,成約専有面積,mom_pct,-1.8,％,2025-06,False
2024-04,mansion,札幌市,成約専有面積,value,76.94,㎡,2025-04,False
2024-05,mansion,札幌市,成約専有面積,value,74.97,㎡,2025-05,False
2024-06,mansion,札幌市,成約専有面積,value,74.93,㎡,2025-06,False
2024-07,mansion,札幌市,成約専有面積,value,78.31,㎡,2025-06,False
2024-08,mansion,札幌市,成約専有面積,value,78.17,㎡,2025-06,False
2024-09,mansion,札幌市,成約専有面積,value,76.37,㎡,2025-06,False
2024-10,mansion,札幌市,成約専有面積,value,76.97,㎡,2025-06,False
2024-11,mansion,札幌市,成約専有面積,value,76.61,㎡,2025-06,False
2024-12,mansion,札幌市,成約専有面積,value,76.52,㎡,2025-06,False
2025-01,mansion,札幌市,成約専有面積,value,73.8,㎡,2025-06,False
2025-02,mansion,札幌市,成約専有面積,value,75.06,㎡,2025-06,False
2025-03,mansion,札幌市,成約専有面積,value,74.91,㎡,2025-06,False
2025-04,mansion,札幌市,成約専有面積,value,76.41,㎡,2025-06,False
2025-05,mansion,札幌市,成約専有面積,value,74.15,㎡,2025-06,False
2025-06,mansion,札幌市,成約専有面積,value,72.82,㎡,2025-06,False
2024-04,mansion,札幌市,成約専有面積,yoy_pct,3.6,％,2025-04,False
2024-05,mansion,札幌市,成約専有面積,yoy_pct,1.4,％,2025-05,False
2024-06,mansion,札幌市,成約専有面積,yoy_pct,0.1,％,2025-06,False
2024-07,mansion,札幌市,成約専有面積,yoy_pct,3.6,％,2025-06,False
2024-08,mansion,札幌市,成約専有面積,yoy_pct,2.6,％,2025-06,False
2024-09,mansion,札幌市,成約専有面積,yoy_pct,-0.1,％,2025-06,False
2024-10,mansion,札幌市,成約専有面積,yoy_pct,-0.2,％,2025-06,False
2024-11,mansion,札幌市,成約専有面積,yoy_pct,1.5,％,2025-06,False
2024-12,mansion,札幌市,成約専有面積,yoy_pct,-0.4,％,2025-06,False
2025-01,mansion,札幌市,成約専有面積,yoy_pct,-5.4,％,2025-06,False
2025-02,mansion,札幌市,成約専有面積,yoy_pct,-6.9,％,2025-06,False
2025-03,mansion,札幌市,成約専有面積,yoy_pct,-2.9,％,2025-06,False
2025-04,mansion,札幌市,成約専有面積,yoy_pct,-0.7,％,2025-06,False
2025-05,mansion,札幌市,成約専有面積,yoy_pct,-1.1,％,2025-06,False
2025-06,mansion,札幌市,成約専有面積,yoy_pct,-2.8,％,2025-06,False
2024-04,mansion,札幌市,成約築年数,value,27.24,年,2025-04,False
2024-05,mansion,札幌市,成約築年数,value,28.88,年,2025-05,False
2024-06,mansion,札幌市,成約築年数,value,27.67,年,2025-06,False
2024-07,mansion,札幌市,成約築年数,value,29.09,年,2025-06,False
2024-08,mansion,札幌市,成約築年数,value,28.47,年,2025-06,False
2024-09,mansion,札幌市,成約築年数,value,28.23,年,2025-06,False
2024-10,mansion,札幌市,成約築年数,value,27.78,年,2025-06,False
2024-11,mansion,札幌市,成約築年数,value,29.05,年,2025-06,False
2024-12,mansion,札幌市,成約築年数,value,27.45,年,2025-06,False
2025-01,mansion,札幌市,成約築年数,value,27.37,年,2025-06,False
2025-02,mansion,札幌市,成約築年数,value,29.19,年,2025-06,False
2025-03,mansion,札幌市,成約築年数,value,29.6,年,2025-06,False
2025-04,mansion,札幌市,成約築年数,value,29.11,年,2025-06,False
2025-05,mansion,札幌市,成約築年数,value,31.58,年,2025-06,False
2025-06,mansion,札幌市,成約築年数,value,29.62,年,2025-06,False
2024-01,mansion,東京都,成約㎡単価,mom_pct,1.7,％,2025-01,False
2024-02,mansion,東京都,成約㎡単価,mom_pct,1.0,％,2025-02,False
2024-03,mansion,東京都,成約㎡単価,mom_pct,-0.8,％,2025-03,False
2024-04,mansion,東京都,成約㎡単価,mom_pct,2.7,％,2025-04,False
2024-05,mansion,東京都,成約㎡単価,mom_pct,-0.7,％,2025-05,False
2024-06,mansion,東京都,成約㎡単価,mom_pct,0.8,％,2025-06,False
2024-07,mansion,東京都,成約㎡単価,mom_pct,3.4,％,2025-06,False
2024-08,mansion,東京都,成約㎡単価,mom_pct,-5.4,％,2025-06,False
2024-09,mansion,東京都,成約㎡単価,mom_pct,3.5,％,2025-06,False
2024-10,mansion,東京都,成約㎡単価,mom_pct,0.0,％,2025-06,False
2024-11,mansion,東京都,成約㎡単価,mom_pct,2.4,％,2025-06,False
2024-12,mansion,東京都,成約㎡単価,mom_pct,-1.8,％,2025-06,False
2025-01,mansion,東京都,成約㎡単価,mom_pct,6.9,％,2025-06,False
2025-02,mansion,東京都,成約㎡単価,mom_pct,-4.9,％,2025-06,False
2025-03,mansion,東京都,成約㎡単価,mom_pct,3.9,％,2025-06,False
2025-04,mansion,東京都,成約㎡単価,mom_pct,1.3,％,2025-06,False
2025-05,mansion,東京都,成約㎡単価,mom_pct,3.0,％,2025-06,False
2025-06,mansion,東京都,成約㎡単価,mom_pct,0.8,％,2025-06,False
2024-01,mansion,東京都,成約㎡単価,value,100.31,万円/㎡,2025-01,False
2024-02,mansion,東京都,成約㎡単価,value,101.31,万円/㎡,2025-02,False
2024-03,mansion,東京都,成約㎡単価,value,100.55,万円/㎡,2025-03,False
2024-04,mansion,東京都,成約㎡単価,value,103.31,万円/㎡,2025-04,False
2024-05,mansion,東京都,成約㎡単価,value,102.59,万円/㎡,2025-05,False
2024-06,mansion,東京都,成約㎡単価,value,103.4,万円/㎡,2025-06,False
2024-07,mansion,東京都,成約㎡単価,value,106.91,万円/㎡,2025-06,False
2024-08,mansion,東京都,成約㎡単価,value,101.11,万円/㎡,2025-06,False
2024-09,mansion,東京都,成約㎡単価,value,104.64,万円/㎡,2025-06,False
2024-10,mansion,東京都,成約㎡単価,value,104.64,万円/㎡,2025-06,False
2024-11,mansion,東京都,成約㎡単価,value,107.14,万円/㎡,2025-06,False
2024-12,mansion,東京都,成約㎡単価,value,105.23,万円/㎡,2025-06,False
2025-01,mansion,東京都,成約㎡単価,value,112.44,万円/㎡,2025-06,False
2025-02,mansion,東京都,成約㎡単価,value,106.93,万円/㎡,2025-06,False
2025-03,mansion,東京都,成約㎡単価,value,111.15,万円/㎡,2025-06,False
2025-04,mansion,東京都,成約㎡単価,value,112.65,万円/㎡,2025-06,False
2025-05,mansion,東京都,成約㎡単価,value,116.04,万円/㎡,2025-06,False
2025-06,mansion,東京都,成約㎡単価,value,117.01,万円/㎡,2025-06,False
2024-01,mansion,東京都,成約㎡単価,yoy_pct,10.3,％,2025-01,False
2024-02,mansion,東京都,成約㎡単価,yoy_pct,11.5,％,2025-02,False
2024-03,mansion,東京都,成約㎡単価,yoy_pct,9.3,％,2025-03,False
2024-04,mansion,東京都,成約㎡単価,yoy_pct,9.2,％,2025-04,False
2024-05,mansion,東京都,成約㎡単価,yoy_pct,7.1,％,2025-05,False
2024-06,mansion,東京都,成約㎡単価,yoy_pct,8.1,％,2025-06,False
2024-07,mansion,東京都,成約㎡単価,yoy_pct,12.9,％,2025-06,False
2024-08,mansion,東京都,成約㎡単価,yoy_pct,3.5,％,2025-06,False
2024-09,mansion,東京都,成約㎡単価,yoy_pct,11.2,％,2025-06,False
2024-10,mansion,東京都,成約㎡単価,yoy_pct,5.7,％,2025-06,False
2024-11,mansion,東京都,成約㎡単価,yoy_pct,6.2,％,2025-06,False
2024-12,mansion,東京都,成約㎡単価,yoy_pct,6.7,％,2025-06,False
2025-01,mansion,東京都,成約㎡単価,yoy_pct,12.1,％,2025-06,False
2025-02,mansion,東京都,成約㎡単価,yoy_pct,5.5,％,2025-06,False
2025-03,mansion,東京都,成約㎡単価,yoy_pct,10.5,％,2025-06,False
2025-04,mansion,東京都,成約㎡単価,yoy_pct,9.0,％,2025-06,False
2025-05,mansion,東京都,成約㎡単価,yoy_pct,13.1,％,2025-06,False
2025-06,mansion,東京都,成約㎡単価,yoy_pct,13.2,％,2025-06,False
2024-01,mansion,東京都,成約件数,mom_pct,-8.3,％,2025-01,False
2024-02,mansion,東京都,成約件数,mom_pct,18.7,％,2025-02,False
2024-03,mansion,東京都,成約件数,mom_pct,16.1,％,2025-03,False
2024-04,mansion,東京都,成約件数,mom_pct,-12.3,％,2025-03,False
2024-05,mansion,東京都,成約件数,mom_pct,-15.2,％,2025-03,False
2024-06,mansion,東京都,成約件数,mom_pct,18.4,％,2025-03,False
2024-07,mansion,東京都,成約件数,mom_pct,-4.0,％,2025-03,False
2024-08,mansion,東京都,成約件数,mom_pct,-30.0,％,2025-03,False
2024-09,mansion,東京都,成約件数,mom_pct,26.3,％,2025-03,False
2024-10,mansion,東京都,成約件数,mom_pct,3.5,％,2025-03,False
2024-11,mansion,東京都,成約件数,mom_pct,10.7,％,2025-03,False
2024-12,mansion,東京都,成約件数,mom_pct,-4.2,％,2025-03,False
2025-01,mansion,東京都,成約件数,mom_pct,3.7,％,2025-03,False
2025-02,mansion,東京都,成約件数,mom_pct,31.0,％,2025-03,False
2025-03,mansion,東京都,成約件数,mom_pct,15.5,％,2025-03,False
2024-01,mansion,東京都,成約件数,value,1499.0,件,2025-01,False
2024-02,mansion,東京都,成約件数,value,1780,件,2025-02,False
2024-03,mansion,東京都,成約件数,value,2067,件,2025-03,False
2024-04,mansion,東京都,成約件数,value,1812,件,2025-04,False
2024-05,mansion,東京都,成約件数,value,1536,件,2025-05,False
2024-06,mansion,東京都,成約件数,value,1818.0,件,2025-06,False
2024-07,mansion,東京都,成約件数,value,1746.0,件,2025-06,False
2024-08,mansion,東京都,成約件数,value,1223.0,件,2025-06,False
2024-09,mansion,東京都,成約件数,value,1545.0,件,2025-06,False
2024-10,mansion,東京都,成約件数,value,1599.0,件,2025-06,False
2024-11,mansion,東京都,成約件数,value,1770.0,件,2025-06,False
2024-12,mansion,東京都,成約件数,value,1696.0,件,2025-06,False
2025-01,mansion,東京都,成約件数,value,1759.0,件,2025-06,False
2025-02,mansion,東京都,成約件数,value,2304.0,件,2025-06,False
2025-03,mansion,東京都,成約件数,value,2661.0,件,2025-06,False
2025-04,mansion,東京都,成約件数,value,2152.0,件,2025-06,False
2025-05,mansion,東京都,成約件数,value,2127.0,件,2025-06,False
2025-06,mansion,東京都,成約件数,value,2360.0,件,2025-06,False
2024-01,mansion,東京都,成約件数,yoy_pct,9.1,％,2025-01,False
2024-02,mansion,東京都,成約件数,yoy_pct,5.3,％,2025-02,False
2024-03,mansion,東京都,成約件数,yoy_pct,10.7,％,2025-03,False
2024-04,mansion,東京都,成約件数,yoy_pct,16.2,％,2025-04,False
2024-05,mansion,東京都,成約件数,yoy_pct,6.3,％,2025-05,False
2024-06,mansion,東京都,成約件数,yoy_pct,6.4,％,2025-06,False
2024-07,mansion,東京都,成約件数,yoy_pct,-0.5,％,2025-06,False
2024-08,mansion,東京都,成約件数,yoy_pct,-6.9,％,2025-06,False
2024-09,mansion,東京都,成約件数,yoy_pct,-12.3,％,2025-06,False
2024-10,mansion,東京都,成約件数,yoy_pct,-9.9,％,2025-06,False
2024-11,mansion,東京都,成約件数,yoy_pct,11.7,％,2025-06,False
2024-12,mansion,東京都,成約件数,yoy_pct,3.8,％,2025-06,False
2025-01,mansion,東京都,成約件数,yoy_pct,17.3,％,2025-06,False
2025-02,mansion,東京都,成約件数,yoy_pct,29.4,％,2025-06,False
2025-03,mansion,東京都,成約件数,yoy_pct,28.7,％,2025-06,False
2025-04,mansion,東京都,成約件数,yoy_pct,18.8,％,2025-06,False
2025-05,mansion,東京都,成約件数,yoy_pct,38.5,％,2025-06,False
2025-06,mansion,東京都,成約件数,yoy_pct,29.8,％,2025-06,False
2025-04,mansion,東京都,成約価格,value,6514,万円,2025-04,False
2025-05,mansion,東京都,成約価格,value,6901,万円,2025-05,False
2025-06,mansion,東京都,成約価格,value,6791,万円,2025-06,False
2025-04,mansion,東京都,成約価格,yoy_pct,4.1,％,2025-04,False
2025-05,mansion,東京都,成約価格,yoy_pct,14.2,％,2025-05,False
2025-06,mansion,東京都,成約価格,yoy_pct,10.3,％,2025-06,False
2025-04,mansion,東京都,成約専有面積,value,57.82,㎡,2025-04,False
2025-05,mansion,東京都,成約専有面積,value,59.47,㎡,2025-05,False
2025-06,mansion,東京都,成約専有面積,value,58.04,㎡,2025-06,False
2025-04,mansion,東京都,成約専有面積,yoy_pct,-4.6,％,2025-04,False
2025-05,mansion,東京都,成約専有面積,yoy_pct,0.9,％,2025-05,False
2025-06,mansion,東京都,成約専有面積,yoy_pct,-2.5,％,2025-06,False
2025-04,mansion,東京都,成約築年数,value,25.26,年,2025-04,False
2025-05,mansion,東京都,成約築年数,value,25.37,年,2025-05,False
2025-06,mansion,東京都,成約築年数,value,25.87,年,2025-06,False
2024-01,mansion,東京都区部,成約㎡単価,mom_pct,0.5,％,2025-01,False
2024-02,mansion,東京都区部,成約㎡単価,mom_pct,2.4,％,2025-02,False
2024-03,mansion,東京都区部,成約㎡単価,mom_pct,-1.6,％,2025-03,False
2024-04,mansion,東京都区部,成約㎡単価,mom_pct,3.3,％,2025-04,False
2024-05,mansion,東京都区部,成約㎡単価,mom_pct,0.4,％,2025-05,False
2024-06,mansion,東京都区部,成約㎡単価,mom_pct,-0.9,％,2025-06,False
2024-07,mansion,東京都区部,成約㎡単価,mom_pct,5.3,％,2025-06,False
2024-08,mansion,東京都区部,成約㎡単価,mom_pct,-5.5,％,2025-06,False
2024-09,mansion,東京都区部,成約㎡単価,mom_pct,2.6,％,2025-06,False
2024-10,mansion,東京都区部,成約㎡単価,mom_pct,0.3,％,2025-06,False
2024-11,mansion,東京都区部,成約㎡単価,mom_pct,2.2,％,2025-06,False
2024-12,mansion,東京都区部,成約㎡単価,mom_pct,0.1,％,2025-06,False
2025-01,mansion,東京都区部,成約㎡単価,mom_pct,4.9,％,2025-06,False
2025-02,mansion,東京都区部,成約㎡単価,mom_pct,-4.4,％,2025-06,False
2025-03,mansion,東京都区部,成約㎡単価,mom_pct,3.1,％,2025-06,False
2025-04,mansion,東京都区部,成約㎡単価,mom_pct,2.6,％,2025-06,False
2025-05,mansion,東京都区部,成約㎡単価,mom_pct,3.0,％,2025-06,False
2025-06,mansion,東京都区部,成約㎡単価,mom_pct,0.4,％,2025-06,False
2024-01,mansion,東京都区部,成約㎡単価,value,108.72,万円/㎡,2025-01,False
2024-02,mansion,東京都区部,成約㎡単価,value,111.3,万円/㎡,2025-02,False
2024-03,mansion,東京都区部,成約㎡単価,value,109.48,万円/㎡,2025-03,False
2024-04,mansion,東京都区部,成約㎡単価,value,113.08,万円/㎡,2025-04,False
2024-05,mansion,東京都区部,成約㎡単価,value,113.53,万円/㎡,2025-05,False
2024-06,mansion,東京都区部,成約㎡単価,value,112.5,万円/㎡,2025-06,False
2024-07,mansion,東京都区部,成約㎡単価,value,118.43,万円/㎡,2025-06,False
2024-08,mansion,東京都区部,成約㎡単価,value,111.93,万円/㎡,2025-06,False
2024-09,mansion,東京都区部,成約㎡単価,value,114.79,万円/㎡,2025-06,False
2024-10,mansion,東京都区部,成約㎡単価,value,115.14,万円/㎡,2025-06,False
2024-11,mansion,東京都区部,成約㎡単価,value,117.73,万円/㎡,2025-06,False
2024-12,mansion,東京都区部,成約㎡単価,value,117.83,万円/㎡,2025-06,False
2025-01,mansion,東京都区部,成約㎡単価,value,123.58,万円/㎡,2025-06,False
2025-02,mansion,東京都区部,成約㎡単価,value,118.12,万円/㎡,2025-06,False
2025-03,mansion,東京都区部,成約㎡単価,value,121.78,万円/㎡,2025-06,False
2025-04,mansion,東京都区部,成約㎡単価,value,124.89,万円/㎡,2025-06,False
2025-05,mansion,東京都区部,成約㎡単価,value,128.65,万円/㎡,2025-06,False
2025-06,mansion,東京都区部,成約㎡単価,value,129.19,万円/㎡,2025-06,False
2024-01,mansion,東京都区部,成約㎡単価,yoy_pct,8.7,％,2025-01,False
2024-02,mansion,東京都区部,成約㎡単価,yoy_pct,12.5,％,2025-02,False
2024-03,mansion,東京都区部,成約㎡単価,yoy_pct,8.7,％,2025-03,False
2024-04,mansion,東京都区部,成約㎡単価,yoy_pct,8.3,％,2025-04,False
2024-05,mansion,東京都区部,成約㎡単価,yoy_pct,8.6,％,2025-05,False
2024-06,mansion,東京都区部,成約㎡単価,yoy_pct,7.3,％,2025-06,False
2024-07,mansion,東京都区部,成約㎡単価,yoy_pct,14.9,％,2025-06,False
2024-08,mansion,東京都区部,成約㎡単価,yoy_pct,5.5,％,2025-06,False
2024-09,mansion,東京都区部,成約㎡単価,yoy_pct,11.2,％,2025-06,False
2024-10,mansion,東京都区部,成約㎡単価,yoy_pct,7.3,％,2025-06,False
2024-11,mansion,東京都区部,成約㎡単価,yoy_pct,6.8,％,2025-06,False
2024-12,mansion,東京都区部,成約㎡単価,yoy_pct,9.0,％,2025-06,False
2025-01,mansion,東京都区部,成約㎡単価,yoy_pct,13.7,％,2025-06,False
2025-02,mansion,東京都区部,成約㎡単価,yoy_pct,6.1,％,2025-06,False
2025-03,mansion,東京都区部,成約㎡単価,yoy_pct,11.2,％,2025-06,False
2025-04,mansion,東京都区部,成約㎡単価,yoy_pct,10.4,％,2025-06,False
2025-05,mansion,東京都区部,成約㎡単価,yoy_pct,13.3,％,2025-06,False
2025-06,mansion,東京都区部,成約㎡単価,yoy_pct,14.8,％,2025-06,False
2024-01,mansion,東京都区部,成約件数,mom_pct,-8.6,％,2025-01,False
2024-02,mansion,東京都区部,成約件数,mom_pct,16.2,％,2025-02,False
2024-03,mansion,東京都区部,成約件数,mom_pct,19.3,％,2025-03,False
2024-04,mansion,東京都区部,成約件数,mom_pct,-12.3,％,2025-03,False
2024-05,mansion,東京都区部,成約件数,mom_pct,-17.0,％,2025-03,False
2024-06,mansion,東京都区部,成約件数,mom_pct,21.5,％,2025-03,False
2024-07,mansion,東京都区部,成約件数,mom_pct,-6.7,％,2025-03,False
2024-08,mansion,東京都区部,成約件数,mom_pct,-29.8,％,2025-03,False
2024-09,mansion,東京都区部,成約件数,mom_pct,27.4,％,2025-03,False
2024-10,mansion,東京都区部,成約件数,mom_pct,3.3,％,2025-03,False
2024-11,mansion,東京都区部,成約件数,mom_pct,11.8,％,2025-03,False
2024-12,mansion,東京都区部,成約件数,mom_pct,-7.5,％,2025-03,False
2025-01,mansion,東京都区部,成約件数,mom_pct,7.9,％,2025-03,False
2025-02,mansion,東京都区部,成約件数,mom_pct,29.4,％,2025-03,False
2025-03,mansion,東京都区部,成約件数,mom_pct,16.7,％,2025-03,False
2024-01,mansion,東京都区部,成約件数,value,1246.0,件,2025-01,False
2024-02,mansion,東京都区部,成約件数,value,1448,件,2025-02,False
2024-03,mansion,東京都区部,成約件数,value,1727,件,2025-03,False
2024-04,mansion,東京都区部,成約件数,value,1515,件,2025-04,False
2024-05,mansion,東京都区部,成約件数,value,1258,件,2025-05,False
2024-06,mansion,東京都区部,成約件数,value,1528.0,件,2025-06,False
2024-07,mansion,東京都区部,成約件数,value,1425.0,件,2025-06,False
2024-08,mansion,東京都区部,成約件数,value,1000.0,件,2025-06,False
2024-09,mansion,東京都区部,成約件数,value,1274.0,件,2025-06,False
2024-10,mansion,東京都区部,成約件数,value,1316.0,件,2025-06,False
2024-11,mansion,東京都区部,成約件数,value,1471.0,件,2025-06,False
2024-12,mansion,東京都区部,成約件数,value,1361.0,件,2025-06,False
2025-01,mansion,東京都区部,成約件数,value,1468.0,件,2025-06,False
2025-02,mansion,東京都区部,成約件数,value,1899.0,件,2025-06,False
2025-03,mansion,東京都区部,成約件数,value,2217.0,件,2025-06,False
2025-04,mansion,東京都区部,成約件数,value,1796.0,件,2025-06,False
2025-05,mansion,東京都区部,成約件数,value,1768.0,件,2025-06,False
2025-06,mansion,東京都区部,成約件数,value,1969.0,件,2025-06,False
2024-01,mansion,東京都区部,成約件数,yoy_pct,10.9,％,2025-01,False
2024-02,mansion,東京都区部,成約件数,yoy_pct,3.7,％,2025-02,False
2024-03,mansion,東京都区部,成約件数,yoy_pct,12.4,％,2025-03,False
2024-04,mansion,東京都区部,成約件数,yoy_pct,19.0,％,2025-04,False
2024-05,mansion,東京都区部,成約件数,yoy_pct,4.0,％,2025-05,False
2024-06,mansion,東京都区部,成約件数,yoy_pct,7.3,％,2025-06,False
2024-07,mansion,東京都区部,成約件数,yoy_pct,-3.2,％,2025-06,False
2024-08,mansion,東京都区部,成約件数,yoy_pct,-9.6,％,2025-06,False
2024-09,mansion,東京都区部,成約件数,yoy_pct,-11.7,％,2025-06,False
2024-10,mansion,東京都区部,成約件数,yoy_pct,-11.7,％,2025-06,False
2024-11,mansion,東京都区部,成約件数,yoy_pct,11.7,％,2025-06,False
2024-12,mansion,東京都区部,成約件数,yoy_pct,-0.1,％,2025-06,False
2025-01,mansion,東京都区部,成約件数,yoy_pct,17.8,％,2025-06,False
2025-02,mansion,東京都区部,成約件数,yoy_pct,31.1,％,2025-06,False
2025-03,mansion,東京都区部,成約件数,yoy_pct,28.4,％,2025-06,False
2025-04,mansion,東京都区部,成約件数,yoy_pct,18.5,％,2025-06,False
2025-05,mansion,東京都区部,成約件数,yoy_pct,40.5,％,2025-06,False
2025-06,mansion,東京都区部,成約件数,yoy_pct,28.9,％,2025-06,False
2025-04,mansion,東京都区部,成約価格,value,7147,万円,2025-04,False
2025-05,mansion,東京都区部,成約価格,value,7556,万円,2025-05,False
2025-06,mansion,東京都区部,成約価格,value,7423,万円,2025-06,False
2025-04,mansion,東京都区部,成約価格,yoy_pct,5.6,％,2025-04,False
2025-05,mansion,東京都区部,成約価格,yoy_pct,14.8,％,2025-05,False
2025-06,mansion,東京都区部,成約価格,yoy_pct,12.6,％,2025-06,False
2025-04,mansion,東京都区部,成約専有面積,value,56.36,㎡,2025-04,False
2025-05,mansion,東京都区部,成約専有面積,value,57.7,㎡,2025-05,False
2025-06,mansion,東京都区部,成約専有面積,value,56.69,㎡,2025-06,False
2025-04,mansion,東京都区部,成約専有面積,yoy_pct,-4.6,％,2025-04,False
2025-05,mansion,東京都区部,成約専有面積,yoy_pct,1.5,％,2025-05,False
2025-06,mansion,東京都区部,成約専有面積,yoy_pct,-1.7,％,2025-06,False
2025-04,mansion,東京都区部,成約築年数,value,24.78,年,2025-04,False
2025-05,mansion,東京都区部,成約築年数,value,24.99,年,2025-05,False
2025-06,mansion,東京都区部,成約築年数,value,25.45,年,2025-06,False
2024-01,mansion,東京都多摩,成約㎡単価,mom_pct,16.2,％,2025-01,False
2024-02,mansion,東京都多摩,成約㎡単価,mom_pct,-1.9,％,2025-02,False
2024-03,mansion,東京都多摩,成約㎡単価,mom_pct,-4.5,％,2025-03,False
2024-04,mansion,東京都多摩,成約㎡単価,mom_pct,-3.0,％,2025-04,False
2024-05,mansion,東京都多摩,成約㎡単価,mom_pct,-0.7,％,2025-05,False
2024-06,mansion,東京都多摩,成約㎡単価,mom_pct,4.5,％,2025-06,False
2024-07,mansion,東京都多摩,成約㎡単価,mom_pct,0.6,％,2025-06,False
2024-08,mansion,東京都多摩,成約㎡単価,mom_pct,-5.7,％,2025-06,False
2024-09,mansion,東京都多摩,成約㎡単価,mom_pct,8.3,％,2025-06,False
2024-10,mansion,東京都多摩,成約㎡単価,mom_pct,-2.0,％,2025-06,False
2024-11,mansion,東京都多摩,成約㎡単価,mom_pct,-1.4,％,2025-06,False
2024-12,mansion,東京都多摩,成約㎡単価,mom_pct,-1.8,％,2025-06,False
2025-01,mansion,東京都多摩,成約㎡単価,mom_pct,4.0,％,2025-06,False
2025-02,mansion,東京都多摩,成約㎡単価,mom_pct,-3.2,％,2025-06,False
2025-03,mansion,東京都多摩,成約㎡単価,mom_pct,6.7,％,2025-06,False
2025-04,mansion,東京都多摩,成約㎡単価,mom_pct,-12.3,％,2025-06,False
2025-05,mansion,東京都多摩,成約㎡単価,mom_pct,6.0,％,2025-06,False
2025-06,mansion,東京都多摩,成約㎡単価,mom_pct,3.2,％,2025-06,False
2024-01,mansion,東京都多摩,成約㎡単価,value,58.89,万円/㎡,2025-01,False
2024-02,mansion,東京都多摩,成約㎡単価,value,57.75,万円/㎡,2025-02,False
2024-03,mansion,東京都多摩,成約㎡単価,value,55.18,万円/㎡,2025-03,False
2024-04,mansion,東京都多摩,成約㎡単価,value,53.49,万円/㎡,2025-04,False
2024-05,mansion,東京都多摩,成約㎡単価,value,53.1,万円/㎡,2025-05,False
2024-06,mansion,東京都多摩,成約㎡単価,value,55.47,万円/㎡,2025-06,False
2024-07,mansion,東京都多摩,成約㎡単価,value,55.79,万円/㎡,2025-06,False
2024-08,mansion,東京都多摩,成約㎡単価,value,52.59,万円/㎡,2025-06,False
2024-09,mansion,東京都多摩,成約㎡単価,value,56.94,万円/㎡,2025-06,False
2024-10,mansion,東京都多摩,成約㎡単価,value,55.8,万円/㎡,2025-06,False
2024-11,mansion,東京都多摩,成約㎡単価,value,55.04,万円/㎡,2025-06,False
2024-12,mansion,東京都多摩,成約㎡単価,value,54.04,万円/㎡,2025-06,False
2025-01,mansion,東京都多摩,成約㎡単価,value,56.22,万円/㎡,2025-06,False
2025-02,mansion,東京都多摩,成約㎡単価,value,54.44,万円/㎡,2025-06,False
2025-03,mansion,東京都多摩,成約㎡単価,value,58.07,万円/㎡,2025-06,False
2025-04,mansion,東京都多摩,成約㎡単価,value,50.9,万円/㎡,2025-06,False
2025-05,mansion,東京都多摩,成約㎡単価,value,53.93,万円/㎡,2025-06,False
2025-06,mansion,東京都多摩,成約㎡単価,value,55.66,万円/㎡,2025-06,False
2024-01,mansion,東京都多摩,成約㎡単価,yoy_pct,17.5,％,2025-01,False
2024-02,mansion,東京都多摩,成約㎡単価,yoy_pct,10.4,％,2025-02,False
2024-03,mansion,東京都多摩,成約㎡単価,yoy_pct,7.0,％,2025-03,False
2024-04,mansion,東京都多摩,成約㎡単価,yoy_pct,4.2,％,2025-04,False
2024-05,mansion,東京都多摩,成約㎡単価,yoy_pct,4.7,％,2025-05,False
2024-06,mansion,東京都多摩,成約㎡単価,yoy_pct,11.0,％,2025-06,False
2024-07,mansion,東京都多摩,成約㎡単価,yoy_pct,9.0,％,2025-06,False
2024-08,mansion,東京都多摩,成約㎡単価,yoy_pct,-0.3,％,2025-06,False
2024-09,mansion,東京都多摩,成約㎡単価,yoy_pct,7.4,％,2025-06,False
2024-10,mansion,東京都多摩,成約㎡単価,yoy_pct,0.7,％,2025-06,False
2024-11,mansion,東京都多摩,成約㎡単価,yoy_pct,1.0,％,2025-06,False
2024-12,mansion,東京都多摩,成約㎡単価,yoy_pct,6.6,％,2025-06,False
2025-01,mansion,東京都多摩,成約㎡単価,yoy_pct,-4.5,％,2025-06,False
2025-02,mansion,東京都多摩,成約㎡単価,yoy_pct,-5.7,％,2025-06,False
2025-03,mansion,東京都多摩,成約㎡単価,yoy_pct,5.2,％,2025-06,False
2025-04,mansion,東京都多摩,成約㎡単価,yoy_pct,-4.8,％,2025-06,False
2025-05,mansion,東京都多摩,成約㎡単価,yoy_pct,1.6,％,2025-06,False
2025-06,mansion,東京都多摩,成約㎡単価,yoy_pct,0.4,％,2025-06,False
2024-01,mansion,東京都多摩,成約件数,mom_pct,-6.6,％,2025-01,False
2024-02,mansion,東京都多摩,成約件数,mom_pct,31.2,％,2025-02,False
2024-03,mansion,東京都多摩,成約件数,mom_pct,2.4,％,2025-03,False
2024-04,mansion,東京都多摩,成約件数,mom_pct,-12.6,％,2025-03,False
2024-05,mansion,東京都多摩,成約件数,mom_pct,-6.4,％,2025-03,False
2024-06,mansion,東京都多摩,成約件数,mom_pct,4.3,％,2025-03,False
2024-07,mansion,東京都多摩,成約件数,mom_pct,10.7,％,2025-03,False
2024-08,mansion,東京都多摩,成約件数,mom_pct,-30.5,％,2025-03,False
2024-09,mansion,東京都多摩,成約件数,mom_pct,21.5,％,2025-03,False
2024-10,mansion,東京都多摩,成約件数,mom_pct,4.4,％,2025-03,False
2024-11,mansion,東京都多摩,成約件数,mom_pct,5.7,％,2025-03,False
2024-12,mansion,東京都多摩,成約件数,mom_pct,12.0,％,2025-03,False
2025-01,mansion,東京都多摩,成約件数,mom_pct,-13.1,％,2025-03,False
2025-02,mansion,東京都多摩,成約件数,mom_pct,39.2,％,2025-03,False
2025-03,mansion,東京都多摩,成約件数,mom_pct,9.6,％,2025-03,False
2024-01,mansion,東京都多摩,成約件数,value,253.0,件,2025-01,False
2024-02,mansion,東京都多摩,成約件数,value,332,件,2025-02,False
2024-03,mansion,東京都多摩,成約件数,value,340,件,2025-03,False
2024-04,mansion,東京都多摩,成約件数,value,297,件,2025-04,False
2024-05,mansion,東京都多摩,成約件数,value,278,件,2025-05,False
2024-06,mansion,東京都多摩,成約件数,value,290.0,件,2025-06,False
2024-07,mansion,東京都多摩,成約件数,value,321.0,件,2025-06,False
2024-08,mansion,東京都多摩,成約件数,value,223.0,件,2025-06,False
2024-09,mansion,東京都多摩,成約件数,value,271.0,件,2025-06,False
2024-10,mansion,東京都多摩,成約件数,value,283.0,件,2025-06,False
2024-11,mansion,東京都多摩,成約件数,value,299.0,件,2025-06,False
2024-12,mansion,東京都多摩,成約件数,value,335.0,件,2025-06,False
2025-01,mansion,東京都多摩,成約件数,value,291.0,件,2025-06,False
2025-02,mansion,東京都多摩,成約件数,value,405.0,件,2025-06,False
2025-03,mansion,東京都多摩,成約件数,value,444.0,件,2025-06,False
2025-04,mansion,東京都多摩,成約件数,value,356.0,件,2025-06,False
2025-05,mansion,東京都多摩,成約件数,value,359.0,件,2025-06,False
2025-06,mansion,東京都多摩,成約件数,value,391.0,件,2025-06,False
2024-01,mansion,東京都多摩,成約件数,yoy_pct,1.2,％,2025-01,False
2024-02,mansion,東京都多摩,成約件数,yoy_pct,12.9,％,2025-02,False
2024-03,mansion,東京都多摩,成約件数,yoy_pct,2.7,％,2025-03,False
2024-04,mansion,東京都多摩,成約件数,yoy_pct,3.8,％,2025-04,False
2024-05,mansion,東京都多摩,成約件数,yoy_pct,18.3,％,2025-05,False
2024-06,mansion,東京都多摩,成約件数,yoy_pct,1.8,％,2025-06,False
2024-07,mansion,東京都多摩,成約件数,yoy_pct,13.8,％,2025-06,False
2024-08,mansion,東京都多摩,成約件数,yoy_pct,7.7,％,2025-06,False
2024-09,mansion,東京都多摩,成約件数,yoy_pct,-15.0,％,2025-06,False
2024-10,mansion,東京都多摩,成約件数,yoy_pct,-0.4,％,2025-06,False
2024-11,mansion,東京都多摩,成約件数,yoy_pct,12.0,％,2025-06,False
2024-12,mansion,東京都多摩,成約件数,yoy_pct,23.6,％,2025-06,False
2025-01,mansion,東京都多摩,成約件数,yoy_pct,15.0,％,2025-06,False
2025-02,mansion,東京都多摩,成約件数,yoy_pct,22.0,％,2025-06,False
2025-03,mansion,東京都多摩,成約件数,yoy_pct,30.6,％,2025-06,False
2025-04,mansion,東京都多摩,成約件数,yoy_pct,19.9,％,2025-06,False
2025-05,mansion,東京都多摩,成約件数,yoy_pct,29.1,％,2025-06,False
2025-06,mansion,東京都多摩,成約件数,yoy_pct,34.8,％,2025-06,False
2025-04,mansion,東京都多摩,成約価格,value,3319,万円,2025-04,False
2025-05,mansion,東京都多摩,成約価格,value,3676,万円,2025-05,False
2025-06,mansion,東京都多摩,成約価格,value,3609,万円,2025-06,False
2025-04,mansion,東京都多摩,成約価格,yoy_pct,-9.0,％,2025-04,False
2025-05,mansion,東京都多摩,成約価格,yoy_pct,1.6,％,2025-05,False
2025-06,mansion,東京都多摩,成約価格,yoy_pct,-6.2,％,2025-06,False
2025-04,mansion,東京都多摩,成約専有面積,value,65.19,㎡,2025-04,False
2025-05,mansion,東京都多摩,成約専有面積,value,68.17,㎡,2025-05,False
2025-06,mansion,東京都多摩,成約専有面積,value,64.84,㎡,2025-06,False
2025-04,mansion,東京都多摩,成約専有面積,yoy_pct,-4.4,％,2025-04,False
2025-05,mansion,東京都多摩,成約専有面積,yoy_pct,0.03,％,2025-05,False
2025-06,mansion,東京都多摩,成約専有面積,yoy_pct,-6.5,％,2025-06,False
2025-04,mansion,東京都多摩,成約築年数,value,27.7,年,2025-04,False
2025-05,mansion,東京都多摩,成約築年数,value,27.22,年,2025-05,False
2025-06,mansion,東京都多摩,成約築年数,value,27.97,年,2025-06,False
2024-01,mansion,横浜市・川崎市,成約㎡単価,mom_pct,0.3,％,2025-01,False
2024-02,mansion,横浜市・川崎市,成約㎡単価,mom_pct,2.2,％,2025-02,False
2024-03,mansion,横浜市・川崎市,成約㎡単価,mom_pct,0.3,％,2025-03,False
2024-04,mansion,横浜市・川崎市,成約㎡単価,mom_pct,0.7,％,2025-04,False
2024-05,mansion,横浜市・川崎市,成約㎡単価,mom_pct,-2.9,％,2025-05,False
2024-06,mansion,横浜市・川崎市,成約㎡単価,mom_pct,1.4,％,2025-06,False
2024-07,mansion,横浜市・川崎市,成約㎡単価,mom_pct,-2.4,％,2025-06,False
2024-08,mansion,横浜市・川崎市,成約㎡単価,mom_pct,4.8,％,2025-06,False
2024-09,mansion,横浜市・川崎市,成約㎡単価,mom_pct,-4.4,％,2025-06,False
2024-10,mansion,横浜市・川崎市,成約㎡単価,mom_pct,-0.7,％,2025-06,False
2024-11,mansion,横浜市・川崎市,成約㎡単価,mom_pct,4.3,％,2025-06,False
2024-12,mansion,横浜市・川崎市,成約㎡単価,mom_pct,0.5,％,2025-06,False
2025-01,mansion,横浜市・川崎市,成約㎡単価,mom_pct,0.2,％,2025-06,False
2025-02,mansion,横浜市・川崎市,成約㎡単価,mom_pct,-3.9,％,2025-06,False
2025-03,mansion,横浜市・川崎市,成約㎡単価,mom_pct,-1.7,％,2025-06,False
2025-04,mansion,横浜市・川崎市,成約㎡単価,mom_pct,3.7,％,2025-06,False
2025-05,mansion,横浜市・川崎市,成約㎡単価,mom_pct,-2.9,％,2025-06,False
2025-06,mansion,横浜市・川崎市,成約㎡単価,mom_pct,1.0,％,2025-06,False
2024-01,mansion,横浜市・川崎市,成約㎡単価,value,62.83,万円/㎡,2025-01,False
2024-02,mansion,横浜市・川崎市,成約㎡単価,value,64.19,万円/㎡,2025-02,False
2024-03,mansion,横浜市・川崎市,成約㎡単価,value,64.41,万円/㎡,2025-03,False
2024-04,mansion,横浜市・川崎市,成約㎡単価,value,64.88,万円/㎡,2025-04,False
2024-05,mansion,横浜市・川崎市,成約㎡単価,value,62.98,万円/㎡,2025-05,False
2024-06,mansion,横浜市・川崎市,成約㎡単価,value,63.89,万円/㎡,2025-06,False
2024-07,mansion,横浜市・川崎市,成約㎡単価,value,62.34,万円/㎡,2025-06,False
2024-08,mansion,横浜市・川崎市,成約㎡単価,value,65.35,万円/㎡,2025-06,False
2024-09,mansion,横浜市・川崎市,成約㎡単価,value,62.48,万円/㎡,2025-06,False
2024-10,mansion,横浜市・川崎市,成約㎡単価,value,62.06,万円/㎡,2025-06,False
2024-11,mansion,横浜市・川崎市,成約㎡単価,value,64.72,万円/㎡,2025-06,False
2024-12,mansion,横浜市・川崎市,成約㎡単価,value,65.07,万円/㎡,2025-06,False
2025-01,mansion,横浜市・川崎市,成約㎡単価,value,65.22,万円/㎡,2025-06,False
2025-02,mansion,横浜市・川崎市,成約㎡単価,value,62.69,万円/㎡,2025-06,False
2025-03,mansion,横浜市・川崎市,成約㎡単価,value,61.64,万円/㎡,2025-06,False
2025-04,mansion,横浜市・川崎市,成約㎡単価,value,63.89,万円/㎡,2025-06,False
2025-05,mansion,横浜市・川崎市,成約㎡単価,value,62.02,万円/㎡,2025-06,False
2025-06,mansion,横浜市・川崎市,成約㎡単価,value,62.63,万円/㎡,2025-06,False
2024-01,mansion,横浜市・川崎市,成約㎡単価,yoy_pct,5.3,％,2025-01,False
2024-02,mansion,横浜市・川崎市,成約㎡単価,yoy_pct,7.7,％,2025-02,False
2024-03,mansion,横浜市・川崎市,成約㎡単価,yoy_pct,7.2,％,2025-03,False
2024-04,mansion,横浜市・川崎市,成約㎡単価,yoy_pct,9.2,％,2025-04,False
2024-05,mansion,横浜市・川崎市,成約㎡単価,yoy_pct,4.2,％,2025-05,False
2024-06,mansion,横浜市・川崎市,成約㎡単価,yoy_pct,7.1,％,2025-06,False
2024-07,mansion,横浜市・川崎市,成約㎡単価,yoy_pct,1.1,％,2025-06,False
2024-08,mansion,横浜市・川崎市,成約㎡単価,yoy_pct,6.5,％,2025-06,False
2024-09,mansion,横浜市・川崎市,成約㎡単価,yoy_pct,0.1,％,2025-06,False
2024-10,mansion,横浜市・川崎市,成約㎡単価,yoy_pct,-4.3,％,2025-06,False
2024-11,mansion,横浜市・川崎市,成約㎡単価,yoy_pct,1.7,％,2025-06,False
2024-12,mansion,横浜市・川崎市,成約㎡単価,yoy_pct,3.8,％,2025-06,False
2025-01,mansion,横浜市・川崎市,成約㎡単価,yoy_pct,3.8,％,2025-06,False
2025-02,mansion,横浜市・川崎市,成約㎡単価,yoy_pct,-2.3,％,2025-06,False
2025-03,mansion,横浜市・川崎市,成約㎡単価,yoy_pct,-4.3,％,2025-06,False
2025-04,mansion,横浜市・川崎市,成約㎡単価,yoy_pct,-1.5,％,2025-06,False
2025-05,mansion,横浜市・川崎市,成約㎡単価,yoy_pct,-1.5,％,2025-06,False
2025-06,mansion,横浜市・川崎市,成約㎡単価,yoy_pct,-2.0,％,2025-06,False
2024-01,mansion,横浜市・川崎市,成約件数,mom_pct,-6.9,％,2025-01,False
2024-02,mansion,横浜市・川崎市,成約件数,mom_pct,23.0,％,2025-02,False
2024-03,mansion,横浜市・川崎市,成約件数,mom_pct,14.9,％,2025-03,False
2024-04,mansion,横浜市・川崎市,成約件数,mom_pct,-14.7,％,2025-03,False
2024-05,mansion,横浜市・川崎市,成約件数,mom_pct,-10.0,％,2025-03,False
2024-06,mansion,横浜市・川崎市,成約件数,mom_pct,10.1,％,2025-03,False
2024-07,mansion,横浜市・川崎市,成約件数,mom_pct,-7.1,％,2025-03,False
2024-08,mansion,横浜市・川崎市,成約件数,mom_pct,-20.5,％,2025-03,False
2024-09,mansion,横浜市・川崎市,成約件数,mom_pct,34.4,％,2025-03,False
2024-10,mansion,横浜市・川崎市,成約件数,mom_pct,-7.5,％,2025-03,False
2024-11,mansion,横浜市・川崎市,成約件数,mom_pct,7.3,％,2025-03,False
2024-12,mansion,横浜市・川崎市,成約件数,mom_pct,2.3,％,2025-03,False
2025-01,mansion,横浜市・川崎市,成約件数,mom_pct,1.5,％,2025-03,False
2025-02,mansion,横浜市・川崎市,成約件数,mom_pct,25.4,％,2025-03,False
2025-03,mansion,横浜市・川崎市,成約件数,mom_pct,22.9,％,2025-03,False
2024-01,mansion,横浜市・川崎市,成約件数,value,448.0,件,2025-01,False
2024-02,mansion,横浜市・川崎市,成約件数,value,551,件,2025-02,False
2024-03,mansion,横浜市・川崎市,成約件数,value,633,件,2025-03,False
2024-04,mansion,横浜市・川崎市,成約件数,value,540,件,2025-04,False
2024-05,mansion,横浜市・川崎市,成約件数,value,486,件,2025-05,False
2024-06,mansion,横浜市・川崎市,成約件数,value,535.0,件,2025-06,False
2024-07,mansion,横浜市・川崎市,成約件数,value,497.0,件,2025-06,False
2024-08,mansion,横浜市・川崎市,成約件数,value,395.0,件,2025-06,False
2024-09,mansion,横浜市・川崎市,成約件数,value,531.0,件,2025-06,False
2024-10,mansion,横浜市・川崎市,成約件数,value,491.0,件,2025-06,False
2024-11,mansion,横浜市・川崎市,成約件数,value,527.0,件,2025-06,False
2024-12,mansion,横浜市・川崎市,成約件数,value,539.0,件,2025-06,False
2025-01,mansion,横浜市・川崎市,成約件数,value,547.0,件,2025-06,False
2025-02,mansion,横浜市・川崎市,成約件数,value,686.0,件,2025-06,False
2025-03,mansion,横浜市・川崎市,成約件数,value,843.0,件,2025-06,False
2025-04,mansion,横浜市・川崎市,成約件数,value,652.0,件,2025-06,False
2025-05,mansion,横浜市・川崎市,成約件数,value,652.0,件,2025-06,False
2025-06,mansion,横浜市・川崎市,成約件数,value,698.0,件,2025-06,False
2024-01,mansion,横浜市・川崎市,成約件数,yoy_pct,-1.3,％,2025-01,False
2024-02,mansion,横浜市・川崎市,成約件数,yoy_pct,-4.7,％,2025-02,False
2024-03,mansion,横浜市・川崎市,成約件数,yoy_pct,7.8,％,2025-03,False
2024-04,mansion,横浜市・川崎市,成約件数,yoy_pct,5.9,％,2025-04,False
2024-05,mansion,横浜市・川崎市,成約件数,yoy_pct,3.8,％,2025-05,False
2024-06,mansion,横浜市・川崎市,成約件数,yoy_pct,0.4,％,2025-06,False
2024-07,mansion,横浜市・川崎市,成約件数,yoy_pct,-10.0,％,2025-06,False
2024-08,mansion,横浜市・川崎市,成約件数,yoy_pct,1.8,％,2025-06,False
2024-09,mansion,横浜市・川崎市,成約件数,yoy_pct,-1.8,％,2025-06,False
2024-10,mansion,横浜市・川崎市,成約件数,yoy_pct,-12.8,％,2025-06,False
2024-11,mansion,横浜市・川崎市,成約件数,yoy_pct,8.4,％,2025-06,False
2024-12,mansion,横浜市・川崎市,成約件数,yoy_pct,12.1,％,2025-06,False
2025-01,mansion,横浜市・川崎市,成約件数,yoy_pct,22.1,％,2025-06,False
2025-02,mansion,横浜市・川崎市,成約件数,yoy_pct,24.5,％,2025-06,False
2025-03,mansion,横浜市・川崎市,成約件数,yoy_pct,33.2,％,2025-06,False
2025-04,mansion,横浜市・川崎市,成約件数,yoy_pct,20.7,％,2025-06,False
2025-05,mansion,横浜市・川崎市,成約件数,yoy_pct,34.2,％,2025-06,False
2025-06,mansion,横浜市・川崎市,成約件数,yoy_pct,30.5,％,2025-06,False
2025-04,mansion,横浜市・川崎市,成約価格,value,4164,万円,2025-04,False
2025-05,mansion,横浜市・川崎市,成約価格,value,4019,万円,2025-05,False
2025-06,mansion,横浜市・川崎市,成約価格,value,4125,万円,2025-06,False
2025-04,mansion,横浜市・川崎市,成約価格,yoy_pct,-2.6,％,2025-04,False
2025-05,mansion,横浜市・川崎市,成約価格,yoy_pct,-4.6,％,2025-05,False
2025-06,mansion,横浜市・川崎市,成約価格,yoy_pct,-4.8,％,2025-06,False
2025-04,mansion,横浜市・川崎市,成約専有面積,value,65.3,㎡,2025-04,False
2025-05,mansion,横浜市・川崎市,成約専有面積,value,64.83,㎡,2025-05,False
2025-06,mansion,横浜市・川崎市,成約専有面積,value,65.68,㎡,2025-06,False
2025-04,mansion,横浜市・川崎市,成約専有面積,yoy_pct,-1.0,％,2025-04,False
2025-05,mansion,横浜市・川崎市,成約専有面積,yoy_pct,-3.1,％,2025-05,False
2025-06,mansion,横浜市・川崎市,成約専有面積,yoy_pct,-3.1,％,2025-06,False
2025-04,mansion,横浜市・川崎市,成約築年数,value,26.5,年,2025-04,False
2025-05,mansion,横浜市・川崎市,成約築年数,value,27.57,年,2025-05,False
2025-06,mansion,横浜市・川崎市,成約築年数,value,27.74,年,2025-06,False
2024-01,mansion,神奈川県,成約㎡単価,mom_pct,0.0,％,2025-01,False
2024-02,mansion,神奈川県,成約㎡単価,mom_pct,0.3,％,2025-02,False
2024-03,mansion,神奈川県,成約㎡単価,mom_pct,0.6,％,2025-03,False
2024-04,mansion,神奈川県,成約㎡単価,mom_pct,0.8,％,2025-04,False
2024-05,mansion,神奈川県,成約㎡単価,mom_pct,-0.5,％,2025-05,False
2024-06,mansion,神奈川県,成約㎡単価,mom_pct,0.6,％,2025-06,False
2024-07,mansion,神奈川県,成約㎡単価,mom_pct,-2.9,％,2025-06,False
2024-08,mansion,神奈川県,成約㎡単価,mom_pct,1.5,％,2025-06,False
2024-09,mansion,神奈川県,成約㎡単価,mom_pct,-3.6,％,2025-06,False
2024-10,mansion,神奈川県,成約㎡単価,mom_pct,-0.04,％,2025-06,True
2024-11,mansion,神奈川県,成約㎡単価,mom_pct,3.3,％,2025-06,False
2024-12,mansion,神奈川県,成約㎡単価,mom_pct,1.2,％,2025-06,False
2025-01,mansion,神奈川県,成約㎡単価,mom_pct,-0.03,％,2025-06,True
2025-02,mansion,神奈川県,成約㎡単価,mom_pct,-4.4,％,2025-06,False
2025-03,mansion,神奈川県,成約㎡単価,mom_pct,-2.1,％,2025-06,False
2025-04,mansion,神奈川県,成約㎡単価,mom_pct,4.3,％,2025-06,False
2025-05,mansion,神奈川県,成約㎡単価,mom_pct,-0.9,％,2025-06,False
2025-06,mansion,神奈川県,成約㎡単価,mom_pct,-1.3,％,2025-06,False
2024-01,mansion,神奈川県,成約㎡単価,value,58.28,万円/㎡,2025-01,False
2024-02,mansion,神奈川県,成約㎡単価,value,58.46,万円/㎡,2025-02,False
2024-03,mansion,神奈川県,成約㎡単価,value,58.82,万円/㎡,2025-03,False
2024-04,mansion,神奈川県,成約㎡単価,value,59.28,万円/㎡,2025-04,False
2024-05,mansion,神奈川県,成約㎡単価,value,59.0,万円/㎡,2025-05,False
2024-06,mansion,神奈川県,成約㎡単価,value,59.35,万円/㎡,2025-06,False
2024-07,mansion,神奈川県,成約㎡単価,value,57.63,万円/㎡,2025-06,False
2024-08,mansion,神奈川県,成約㎡単価,value,58.51,万円/㎡,2025-06,False
2024-09,mansion,神奈川県,成約㎡単価,value,56.39,万円/㎡,2025-06,False
2024-10,mansion,神奈川県,成約㎡単価,value,56.37,万円/㎡,2025-06,False
2024-11,mansion,神奈川県,成約㎡単価,value,58.24,万円/㎡,2025-06,False
2024-12,mansion,神奈川県,成約㎡単価,value,58.92,万円/㎡,2025-06,False
2025-01,mansion,神奈川県,成約㎡単価,value,58.9,万円/㎡,2025-06,False
2025-02,mansion,神奈川県,成約㎡単価,value,56.31,万円/㎡,2025-06,False
2025-03,mansion,神奈川県,成約㎡単価,value,55.14,万円/㎡,2025-06,False
2025-04,mansion,神奈川県,成約㎡単価,value,57.52,万円/㎡,2025-06,False
2025-05,mansion,神奈川県,成約㎡単価,value,57.01,万円/㎡,2025-06,False
2025-06,mansion,神奈川県,成約㎡単価,value,56.28,万円/㎡,2025-06,False
2024-01,mansion,神奈川県,成約㎡単価,yoy_pct,8.7,％,2025-01,False
2024-02,mansion,神奈川県,成約㎡単価,yoy_pct,6.0,％,2025-02,False
2024-03,mansion,神奈川県,成約㎡単価,yoy_pct,8.3,％,2025-03,False
2024-04,mansion,神奈川県,成約㎡単価,yoy_pct,9.5,％,2025-04,False
2024-05,mansion,神奈川県,成約㎡単価,yoy_pct,8.7,％,2025-05,False
2024-06,mansion,神奈川県,成約㎡単価,yoy_pct,7.9,％,2025-06,False
2024-07,mansion,神奈川県,成約㎡単価,yoy_pct,2.8,％,2025-06,False
2024-08,mansion,神奈川県,成約㎡単価,yoy_pct,5.4,％,2025-06,False
2024-09,mansion,神奈川県,成約㎡単価,yoy_pct,-0.8,％,2025-06,False
2024-10,mansion,神奈川県,成約㎡単価,yoy_pct,-3.0,％,2025-06,False
2024-11,mansion,神奈川県,成約㎡単価,yoy_pct,0.9,％,2025-06,False
2024-12,mansion,神奈川県,成約㎡単価,yoy_pct,1.1,％,2025-06,False
2025-01,mansion,神奈川県,成約㎡単価,yoy_pct,1.1,％,2025-06,False
2025-02,mansion,神奈川県,成約㎡単価,yoy_pct,-3.7,％,2025-06,False
2025-03,mansion,神奈川県,成約㎡単価,yoy_pct,-6.3,％,2025-06,False
2025-04,mansion,神奈川県,成約㎡単価,yoy_pct,-3.0,％,2025-06,False
2025-05,mansion,神奈川県,成約㎡単価,yoy_pct,-3.4,％,2025-06,False
2025-06,mansion,神奈川県,成約㎡単価,yoy_pct,-5.2,％,2025-06,False
2024-01,mansion,神奈川県,成約件数,mom_pct,-6.2,％,2025-01,False
2024-02,mansion,神奈川県,成約件数,mom_pct,25.5,％,2025-02,False
2024-03,mansion,神奈川県,成約件数,mom_pct,13.5,％,2025-03,False
2024-04,mansion,神奈川県,成約件数,mom_pct,-17.2,％,2025-03,False
2024-05,mansion,神奈川県,成約件数,mom_pct,-9.5,％,2025-03,False
2024-06,mansion,神奈川県,成約件数,mom_pct,9.8,％,2025-03,False
2024-07,mansion,神奈川県,成約件数,mom_pct,-2.5,％,2025-03,False
2024-08,mansion,神奈川県,成約件数,mom_pct,-21.7,％,2025-03,False
2024-09,mansion,神奈川県,成約件数,mom_pct,38.7,％,2025-03,False
2024-10,mansion,神奈川県,成約件数,mom_pct,-6.2,％,2025-03,False
2024-11,mansion,神奈川県,成約件数,mom_pct,3.5,％,2025-03,False
2024-12,mansion,神奈川県,成約件数,mom_pct,2.5,％,2025-03,False
2025-01,mansion,神奈川県,成約件数,mom_pct,0.3,％,2025-03,False
2025-02,mansion,神奈川県,成約件数,mom_pct,26.1,％,2025-03,False
2025-03,mansion,神奈川県,成約件数,mom_pct,25.9,％,2025-03,False
2024-01,mansion,神奈川県,成約件数,value,609.0,件,2025-01,False
2024-02,mansion,神奈川県,成約件数,value,764,件,2025-02,False
2024-03,mansion,神奈川県,成約件数,value,867,件,2025-03,False
2024-04,mansion,神奈川県,成約件数,value,718,件,2025-04,False
2024-05,mansion,神奈川県,成約件数,value,650,件,2025-05,False
2024-06,mansion,神奈川県,成約件数,value,714.0,件,2025-06,False
2024-07,mansion,神奈川県,成約件数,value,696.0,件,2025-06,False
2024-08,mansion,神奈川県,成約件数,value,545.0,件,2025-06,False
2024-09,mansion,神奈川県,成約件数,value,756.0,件,2025-06,False
2024-10,mansion,神奈川県,成約件数,value,709.0,件,2025-06,False
2024-11,mansion,神奈川県,成約件数,value,734.0,件,2025-06,False
2024-12,mansion,神奈川県,成約件数,value,752.0,件,2025-06,False
2025-01,mansion,神奈川県,成約件数,value,754.0,件,2025-06,False
2025-02,mansion,神奈川県,成約件数,value,951.0,件,2025-06,False
2025-03,mansion,神奈川県,成約件数,value,1197.0,件,2025-06,False
2025-04,mansion,神奈川県,成約件数,value,909.0,件,2025-06,False
2025-05,mansion,神奈川県,成約件数,value,898.0,件,2025-06,False
2025-06,mansion,神奈川県,成約件数,value,1003.0,件,2025-06,False
2024-01,mansion,神奈川県,成約件数,yoy_pct,-3.6,％,2025-01,False
2024-02,mansion,神奈川県,成約件数,yoy_pct,-4.7,％,2025-02,False
2024-03,mansion,神奈川県,成約件数,yoy_pct,7.8,％,2025-03,False
2024-04,mansion,神奈川県,成約件数,yoy_pct,1.4,％,2025-04,False
2024-05,mansion,神奈川県,成約件数,yoy_pct,-2.7,％,2025-05,False
2024-06,mansion,神奈川県,成約件数,yoy_pct,-0.8,％,2025-06,False
2024-07,mansion,神奈川県,成約件数,yoy_pct,-10.0,％,2025-06,False
2024-08,mansion,神奈川県,成約件数,yoy_pct,-0.4,％,2025-06,False
2024-09,mansion,神奈川県,成約件数,yoy_pct,2.2,％,2025-06,False
2024-10,mansion,神奈川県,成約件数,yoy_pct,-9.9,％,2025-06,False
2024-11,mansion,神奈川県,成約件数,yoy_pct,12.6,％,2025-06,False
2024-12,mansion,神奈川県,成約件数,yoy_pct,15.9,％,2025-06,False
2025-01,mansion,神奈川県,成約件数,yoy_pct,23.8,％,2025-06,False
2025-02,mansion,神奈川県,成約件数,yoy_pct,24.5,％,2025-06,False
2025-03,mansion,神奈川県,成約件数,yoy_pct,38.1,％,2025-06,False
2025-04,mansion,神奈川県,成約件数,yoy_pct,26.6,％,2025-06,False
2025-05,mansion,神奈川県,成約件数,yoy_pct,38.2,％,2025-06,False
2025-06,mansion,神奈川県,成約件数,yoy_pct,40.5,％,2025-06,False
2025-04,mansion,神奈川県,成約価格,value,3783,万円,2025-04,False
2025-05,mansion,神奈川県,成約価格,value,3777,万円,2025-05,False
2025-06,mansion,神奈川県,成約価格,value,3751,万円,2025-06,False
2025-04,mansion,神奈川県,成約価格,yoy_pct,-4.9,％,2025-04,False
2025-05,mansion,神奈川県,成約価格,yoy_pct,-4.8,％,2025-05,False
2025-06,mansion,神奈川県,成約価格,yoy_pct,-6.6,％,2025-06,False
2025-04,mansion,神奈川県,成約専有面積,value,65.78,㎡,2025-04,False
2025-05,mansion,神奈川県,成約専有面積,value,66.25,㎡,2025-05,False
2025-06,mansion,神奈川県,成約専有面積,value,66.66,㎡,2025-06,False
2025-04,mansion,神奈川県,成約専有面積,yoy_pct,-2.0,％,2025-04,False
2025-05,mansion,神奈川県,成約専有面積,yoy_pct,-1.4,％,2025-05,False
2025-06,mansion,神奈川県,成約専有面積,yoy_pct,-1.5,％,2025-06,False
2025-04,mansion,神奈川県,成約築年数,value,27.08,年,2025-04,False
2025-05,mansion,神奈川県,成約築年数,value,27.63,年,2025-05,False
2025-06,mansion,神奈川県,成約築年数,value,27.62,年,2025-06,False
2024-01,mansion,神奈川県他,成約㎡単価,mom_pct,-0.2,％,2025-01,False
2024-02,mansion,神奈川県他,成約㎡単価,mom_pct,-4.3,％,2025-02,False
2024-03,mansion,神奈川県他,成約㎡単価,mom_pct,0.2,％,2025-03,False
2024-04,mansion,神奈川県他,成約㎡単価,mom_pct,-3.2,％,2025-04,False
2024-05,mansion,神奈川県他,成約㎡単価,mom_pct,11.6,％,2025-05,False
2024-06,mansion,神奈川県他,成約㎡単価,mom_pct,-3.0,％,2025-06,False
2024-07,mansion,神奈川県他,成約㎡単価,mom_pct,0.2,％,2025-06,False
2024-08,mansion,神奈川県他,成約㎡単価,mom_pct,-11.7,％,2025-06,False
2024-09,mansion,神奈川県他,成約㎡単価,mom_pct,3.7,％,2025-06,False
2024-10,mansion,神奈川県他,成約㎡単価,mom_pct,3.7,％,2025-06,False
2024-11,mansion,神奈川県他,成約㎡単価,mom_pct,-4.2,％,2025-06,False
2024-12,mansion,神奈川県他,成約㎡単価,mom_pct,3.9,％,2025-06,False
2025-01,mansion,神奈川県他,成約㎡単価,mom_pct,-2.7,％,2025-06,False
2025-02,mansion,神奈川県他,成約㎡単価,mom_pct,-5.7,％,2025-06,False
2025-03,mansion,神奈川県他,成約㎡単価,mom_pct,-0.3,％,2025-06,False
2025-04,mansion,神奈川県他,成約㎡単価,mom_pct,4.3,％,2025-06,False
2025-05,mansion,神奈川県他,成約㎡単価,mom_pct,5.7,％,2025-06,False
2025-06,mansion,神奈川県他,成約㎡単価,mom_pct,-4.5,％,2025-06,False
2024-01,mansion,神奈川県他,成約㎡単価,value,45.61,万円/㎡,2025-01,False
2024-02,mansion,神奈川県他,成約㎡単価,value,43.63,万円/㎡,2025-02,False
2024-03,mansion,神奈川県他,成約㎡単価,value,43.71,万円/㎡,2025-03,False
2024-04,mansion,神奈川県他,成約㎡単価,value,42.29,万円/㎡,2025-04,False
2024-05,mansion,神奈川県他,成約㎡単価,value,47.21,万円/㎡,2025-05,False
2024-06,mansion,神奈川県他,成約㎡単価,value,45.77,万円/㎡,2025-06,False
2024-07,mansion,神奈川県他,成約㎡単価,value,45.86,万円/㎡,2025-06,False
2024-08,mansion,神奈川県他,成約㎡単価,value,40.5,万円/㎡,2025-06,False
2024-09,mansion,神奈川県他,成約㎡単価,value,42.02,万円/㎡,2025-06,False
2024-10,mansion,神奈川県他,成約㎡単価,value,43.57,万円/㎡,2025-06,False
2024-11,mansion,神奈川県他,成約㎡単価,value,41.74,万円/㎡,2025-06,False
2024-12,mansion,神奈川県他,成約㎡単価,value,43.36,万円/㎡,2025-06,False
2025-01,mansion,神奈川県他,成約㎡単価,value,42.2,万円/㎡,2025-06,False
2025-02,mansion,神奈川県他,成約㎡単価,value,39.79,万円/㎡,2025-06,False
2025-03,mansion,神奈川県他,成約㎡単価,value,39.67,万円/㎡,2025-06,False
2025-04,mansion,神奈川県他,成約㎡単価,value,41.37,万円/㎡,2025-06,False
2025-05,mansion,神奈川県他,成約㎡単価,value,43.73,万円/㎡,2025-06,False
2025-06,mansion,神奈川県他,成約㎡単価,value,41.74,万円/㎡,2025-06,False
2024-01,mansion,神奈川県他,成約㎡単価,yoy_pct,19.4,％,2025-01,False
2024-02,mansion,神奈川県他,成約㎡単価,yoy_pct,0.1,％,2025-02,False
2024-03,mansion,神奈川県他,成約㎡単価,yoy_pct,12.7,％,2025-03,False
2024-04,mansion,神奈川県他,成約㎡単価,yoy_pct,4.6,％,2025-04,False
2024-05,mansion,神奈川県他,成約㎡単価,yoy_pct,18.6,％,2025-05,False
2024-06,mansion,神奈川県他,成約㎡単価,yoy_pct,9.8,％,2025-06,False
2024-07,mansion,神奈川県他,成約㎡単価,yoy_pct,9.0,％,2025-06,False
2024-08,mansion,神奈川県他,成約㎡単価,yoy_pct,-1.5,％,2025-06,False
2024-09,mansion,神奈川県他,成約㎡単価,yoy_pct,1.1,％,2025-06,False
2024-10,mansion,神奈川県他,成約㎡単価,yoy_pct,5.7,％,2025-06,False
2024-11,mansion,神奈川県他,成約㎡単価,yoy_pct,3.6,％,2025-06,False
2024-12,mansion,神奈川県他,成約㎡単価,yoy_pct,-5.2,％,2025-06,False
2025-01,mansion,神奈川県他,成約㎡単価,yoy_pct,-7.5,％,2025-06,False
2025-02,mansion,神奈川県他,成約㎡単価,yoy_pct,-8.8,％,2025-06,False
2025-03,mansion,神奈川県他,成約㎡単価,yoy_pct,-9.2,％,2025-06,False
2025-04,mansion,神奈川県他,成約㎡単価,yoy_pct,-2.2,％,2025-06,False
2025-05,mansion,神奈川県他,成約㎡単価,yoy_pct,-7.4,％,2025-06,False
2025-06,mansion,神奈川県他,成約㎡単価,yoy_pct,-8.8,％,2025-06,False
2024-01,mansion,神奈川県他,成約件数,mom_pct,-4.2,％,2025-01,False
2024-02,mansion,神奈川県他,成約件数,mom_pct,32.3,％,2025-02,False
2024-03,mansion,神奈川県他,成約件数,mom_pct,9.9,％,2025-03,False
2024-04,mansion,神奈川県他,成約件数,mom_pct,-23.9,％,2025-03,False
2024-05,mansion,神奈川県他,成約件数,mom_pct,-7.9,％,2025-03,False
2024-06,mansion,神奈川県他,成約件数,mom_pct,9.1,％,2025-03,False
2024-07,mansion,神奈川県他,成約件数,mom_pct,11.2,％,2025-03,False
2024-08,mansion,神奈川県他,成約件数,mom_pct,-24.6,％,2025-03,False
2024-09,mansion,神奈川県他,成約件数,mom_pct,50.0,％,2025-03,False
2024-10,mansion,神奈川県他,成約件数,mom_pct,-3.1,％,2025-03,False
2024-11,mansion,神奈川県他,成約件数,mom_pct,-5.0,％,2025-03,False
2024-12,mansion,神奈川県他,成約件数,mom_pct,2.9,％,2025-03,False
2025-01,mansion,神奈川県他,成約件数,mom_pct,-2.8,％,2025-03,False
2025-02,mansion,神奈川県他,成約件数,mom_pct,28.0,％,2025-03,False
2025-03,mansion,神奈川県他,成約件数,mom_pct,33.6,％,2025-03,False
2024-01,mansion,神奈川県他,成約件数,value,161.0,件,2025-01,False
2024-02,mansion,神奈川県他,成約件数,value,213,件,2025-02,False
2024-03,mansion,神奈川県他,成約件数,value,234,件,2025-03,False
2024-04,mansion,神奈川県他,成約件数,value,178,件,2025-04,False
2024-05,mansion,神奈川県他,成約件数,value,164,件,2025-05,False
2024-06,mansion,神奈川県他,成約件数,value,179.0,件,2025-06,False
2024-07,mansion,神奈川県他,成約件数,value,199.0,件,2025-06,False
2024-08,mansion,神奈川県他,成約件数,value,150.0,件,2025-06,False
2024-09,mansion,神奈川県他,成約件数,value,225.0,件,2025-06,False
2024-10,mansion,神奈川県他,成約件数,value,218.0,件,2025-06,False
2024-11,mansion,神奈川県他,成約件数,value,207.0,件,2025-06,False
2024-12,mansion,神奈川県他,成約件数,value,213.0,件,2025-06,False
2025-01,mansion,神奈川県他,成約件数,value,207.0,件,2025-06,False
2025-02,mansion,神奈川県他,成約件数,value,265.0,件,2025-06,False
2025-03,mansion,神奈川県他,成約件数,value,354.0,件,2025-06,False
2025-04,mansion,神奈川県他,成約件数,value,257.0,件,2025-06,False
2025-05,mansion,神奈川県他,成約件数,value,246.0,件,2025-06,False
2025-06,mansion,神奈川県他,成約件数,value,305.0,件,2025-06,False
2024-01,mansion,神奈川県他,成約件数,yoy_pct,-9.6,％,2025-01,False
2024-02,mansion,神奈川県他,成約件数,yoy_pct,-4.9,％,2025-02,False
2024-03,mansion,神奈川県他,成約件数,yoy_pct,7.8,％,2025-03,False
2024-04,mansion,神奈川県他,成約件数,yoy_pct,-10.1,％,2025-04,False
2024-05,mansion,神奈川県他,成約件数,yoy_pct,-18.0,％,2025-05,False
2024-06,mansion,神奈川県他,成約件数,yoy_pct,-4.3,％,2025-06,False
2024-07,mansion,神奈川県他,成約件数,yoy_pct,-10.0,％,2025-06,False
2024-08,mansion,神奈川県他,成約件数,yoy_pct,-5.7,％,2025-06,False
2024-09,mansion,神奈川県他,成約件数,yoy_pct,13.1,％,2025-06,False
2024-10,mansion,神奈川県他,成約件数,yoy_pct,-2.7,％,2025-06,False
2024-11,mansion,神奈川県他,成約件数,yoy_pct,24.7,％,2025-06,False
2024-12,mansion,神奈川県他,成約件数,yoy_pct,26.8,％,2025-06,False
2025-01,mansion,神奈川県他,成約件数,yoy_pct,28.6,％,2025-06,False
2025-02,mansion,神奈川県他,成約件数,yoy_pct,24.4,％,2025-06,False
2025-03,mansion,神奈川県他,成約件数,yoy_pct,51.3,％,2025-06,False
2025-04,mansion,神奈川県他,成約件数,yoy_pct,44.4,％,2025-06,False
2025-05,mansion,神奈川県他,成約件数,yoy_pct,50.0,％,2025-06,False
2025-06,mansion,神奈川県他,成約件数,yoy_pct,70.4,％,2025-06,False
2025-04,mansion,神奈川県他,成約価格,value,2816,万円,2025-04,False
2025-05,mansion,神奈川県他,成約価格,value,3136,万円,2025-05,False
2025-06,mansion,神奈川県他,成約価格,value,2896,万円,2025-06,False
2025-04,mansion,神奈川県他,成約価格,yoy_pct,-8.5,％,2025-04,False
2025-05,mansion,神奈川県他,成約価格,yoy_pct,-3.0,％,2025-05,False
2025-06,mansion,神奈川県他,成約価格,yoy_pct,-5.6,％,2025-06,False
2025-04,mansion,神奈川県他,成約専有面積,value,67.0,㎡,2025-04,False
2025-05,mansion,神奈川県他,成約専有面積,value,70.01,㎡,2025-05,False
2025-06,mansion,神奈川県他,成約専有面積,value,68.91,㎡,2025-06,False
2025-04,mansion,神奈川県他,成約専有面積,yoy_pct,-5.4,％,2025-04,False
2025-05,mansion,神奈川県他,成約専有面積,yoy_pct,2.7,％,2025-05,False
2025-06,mansion,神奈川県他,成約専有面積,yoy_pct,2.5,％,2025-06,False
2025-04,mansion,神奈川県他,成約築年数,value,28.55,年,2025-04,False
2025-05,mansion,神奈川県他,成約築年数,value,27.8,年,2025-05,False
2025-06,mansion,神奈川県他,成約築年数,value,27.36,年,2025-06,False
2024-01,mansion,首都圏,在庫㎡単価,mom_pct,0.3,％,2025-01,False
2024-02,mansion,首都圏,在庫㎡単価,mom_pct,0.1,％,2025-02,False
2024-03,mansion,首都圏,在庫㎡単価,mom_pct,-0.8,％,2025-03,False
2024-04,mansion,首都圏,在庫㎡単価,mom_pct,-0.4,％,2025-04,False
2024-05,mansion,首都圏,在庫㎡単価,mom_pct,0.1,％,2025-05,False
2024-06,mansion,首都圏,在庫㎡単価,mom_pct,-0.4,％,2025-06,False
2024-07,mansion,首都圏,在庫㎡単価,mom_pct,0.7,％,2025-06,False
2024-08,mansion,首都圏,在庫㎡単価,mom_pct,2.2,％,2025-06,False
2024-09,mansion,首都圏,在庫㎡単価,mom_pct,2.1,％,2025-06,False
2024-10,mansion,首都圏,在庫㎡単価,mom_pct,2.7,％,2025-06,False
2024-11,mansion,首都圏,在庫㎡単価,mom_pct,0.4,％,2025-06,False
2024-12,mansion,首都圏,在庫㎡単価,mom_pct,0.7,％,2025-06,False
2025-01,mansion,首都圏,在庫㎡単価,mom_pct,2.6,％,2025-06,False
2025-02,mansion,首都圏,在庫㎡単価,mom_pct,3.0,％,2025-06,False
2025-03,mansion,首都圏,在庫㎡単価,mom_pct,3.0,％,2025-06,False
2025-04,mansion,首都圏,在庫㎡単価,mom_pct,2.8,％,2025-06,False
2025-05,mansion,首都圏,在庫㎡単価,mom_pct,1.9,％,2025-06,False
2025-06,mansion,首都圏,在庫㎡単価,mom_pct,2.0,％,2025-06,False
2024-01,mansion,首都圏,在庫㎡単価,value,72.5,万円/㎡,2025-01,False
2024-02,mansion,首都圏,在庫㎡単価,value,72.6,万円/㎡,2025-02,False
2024-03,mansion,首都圏,在庫㎡単価,value,72.02,万円/㎡,2025-03,False
2024-04,mansion,首都圏,在庫㎡単価,value,71.7,万円/㎡,2025-04,False
2024-05,mansion,首都圏,在庫㎡単価,value,71.78,万円/㎡,2025-05,False
2024-06,mansion,首都圏,在庫㎡単価,value,71.46,万円/㎡,2025-06,False
2024-07,mansion,首都圏,在庫㎡単価,value,71.94,万円/㎡,2025-06,False
2024-08,mansion,首都圏,在庫㎡単価,value,73.55,万円/㎡,2025-06,False
2024-09,mansion,首都圏,在庫㎡単価,value,75.08,万円/㎡,2025-06,False
2024-10,mansion,首都圏,在庫㎡単価,value,77.11,万円/㎡,2025-06,False
2024-11,mansion,首都圏,在庫㎡単価,value,77.4,万円/㎡,2025-06,False
2024-12,mansion,首都圏,在庫㎡単価,value,77.95,万円/㎡,2025-06,False
2025-01,mansion,首都圏,在庫㎡単価,value,79.95,万円/㎡,2025-06,False
2025-02,mansion,首都圏,在庫㎡単価,value,82.32,万円/㎡,2025-06,False
2025-03,mansion,首都圏,在庫㎡単価,value,84.75,万円/㎡,2025-06,False
2025-04,mansion,首都圏,在庫㎡単価,value,87.16,万円/㎡,2025-06,False
2025-05,mansion,首都圏,在庫㎡単価,value,88.8,万円/㎡,2025-06,False
2025-06,mansion,首都圏,在庫㎡単価,value,90.59,万円/㎡,2025-06,False
2024-01,mansion,首都圏,在庫㎡単価,yoy_pct,-1.9,％,2025-01,False
2024-02,mansion,首都圏,在庫㎡単価,yoy_pct,-2.5,％,2025-02,False
2024-03,mansion,首都圏,在庫㎡単価,yoy_pct,-2.4,％,2025-03,False
2024-04,mansion,首都圏,在庫㎡単価,yoy_pct,-3.0,％,2025-04,False
2024-05,mansion,首都圏,在庫㎡単価,yoy_pct,-2.2,％,2025-05,False
2024-06,mansion,首都圏,在庫㎡単価,yoy_pct,-2.7,％,2025-06,False
2024-07,mansion,首都圏,在庫㎡単価,yoy_pct,-1.9,％,2025-06,False
2024-08,mansion,首都圏,在庫㎡単価,yoy_pct,0.7,％,2025-06,False
2024-09,mansion,首都圏,在庫㎡単価,yoy_pct,3.0,％,2025-06,False
2024-10,mansion,首都圏,在庫㎡単価,yoy_pct,6.6,％,2025-06,False
2024-11,mansion,首都圏,在庫㎡単価,yoy_pct,7.2,％,2025-06,False
2024-12,mansion,首都圏,在庫㎡単価,yoy_pct,7.8,％,2025-06,False
2025-01,mansion,首都圏,在庫㎡単価,yoy_pct,10.3,％,2025-06,False
2025-02,mansion,首都圏,在庫㎡単価,yoy_pct,13.4,％,2025-06,False
2025-03,mansion,首都圏,在庫㎡単価,yoy_pct,17.7,％,2025-06,False
2025-04,mansion,首都圏,在庫㎡単価,yoy_pct,21.6,％,2025-06,True
2025-05,mansion,首都圏,在庫㎡単価,yoy_pct,23.7,％,2025-06,False
2025-06,mansion,首都圏,在庫㎡単価,yoy_pct,26.8,％,2025-06,False
2024-01,mansion,首都圏,在庫件数,mom_pct,2.0,％,2025-01,False
2024-02,mansion,首都圏,在庫件数,mom_pct,0.4,％,2025-02,False
2024-03,mansion,首都圏,在庫件数,mom_pct,-2.7,％,2025-03,False
2024-04,mansion,首都圏,在庫件数,mom_pct,-0.7,％,2025-03,False
2024-05,mansion,首都圏,在庫件数,mom_pct,-0.9,％,2025-03,False
2024-06,mansion,首都圏,在庫件数,mom_pct,-1.9,％,2025-03,False
2024-07,mansion,首都圏,在庫件数,mom_pct,-0.5,％,2025-03,False
2024-08,mansion,首都圏,在庫件数,mom_pct,1.5,％,2025-03,False
2024-09,mansion,首都圏,在庫件数,mom_pct,0.5,％,2025-03,False
2024-10,mansion,首都圏,在庫件数,mom_pct,1.1,％,2025-03,False
2024-11,mansion,首都圏,在庫件数,mom_pct,-0.5,％,2025-03,False
2024-12,mansion,首都圏,在庫件数,mom_pct,-1.5,％,2025-03,False
2025-01,mansion,首都圏,在庫件数,mom_pct,1.1,％,2025-03,False
2025-02,mansion,首都圏,在庫件数,mom_pct,-0.6,％,2025-03,False
2025-03,mansion,首都圏,在庫件数,mom_pct,-2.8,％,2025-03,False
2024-01,mansion,首都圏,在庫件数,value,47449,件,2025-01,False
2024-02,mansion,首都圏,在庫件数,value,47628,件,2025-02,False
2024-03,mansion,首都圏,在庫件数,value,46351,件,2025-03,False
2024-04,mansion,首都圏,在庫件数,value,46027,件,2025-04,False
2024-05,mansion,首都圏,在庫件数,value,45603,件,2025-05,False
2024-06,mansion,首都圏,在庫件数,value,44722,件,2025-06,False
2024-07,mansion,首都圏,在庫件数,value,44509,件,2025-06,False
2024-08,mansion,首都圏,在庫件数,value,45192,件,2025-06,False
2024-09,mansion,首都圏,在庫件数,value,45403,件,2025-06,False
2024-10,mansion,首都圏,在庫件数,value,45888,件,2025-06,False
2024-11,mansion,首都圏,在庫件数,value,45646,件,2025-06,False
2024-12,mansion,首都圏,在庫件数,value,44981,件,2025-06,False
2025-01,mansion,首都圏,在庫件数,value,45478,件,2025-06,False
2025-02,mansion,首都圏,在庫件数,value,45214,件,2025-06,False
2025-03,mansion,首都圏,在庫件数,value,43941,件,2025-06,False
2025-04,mansion,首都圏,在庫件数,value,44008,件,2025-06,False
2025-05,mansion,首都圏,在庫件数,value,44314,件,2025-06,False
2025-06,mansion,首都圏,在庫件数,value,44428,件,2025-06,False
2024-01,mansion,首都圏,在庫件数,yoy_pct,8.6,％,2025-01,False
2024-02,mansion,首都圏,在庫件数,yoy_pct,6.4,％,2025-02,False
2024-03,mansion,首都圏,在庫件数,yoy_pct,2.7,％,2025-03,False
2024-04,mansion,首都圏,在庫件数,yoy_pct,0.9,％,2025-04,False
2024-05,mansion,首都圏,在庫件数,yoy_pct,-0.4,％,2025-05,False
2024-06,mansion,首都圏,在庫件数,yoy_pct,-2.5,％,2025-06,False
2024-07,mansion,首都圏,在庫件数,yoy_pct,-3.7,％,2025-06,False
2024-08,mansion,首都圏,在庫件数,yoy_pct,-1.7,％,2025-06,False
2024-09,mansion,首都圏,在庫件数,yoy_pct,-1.9,％,2025-06,False
2024-10,mansion,首都圏,在庫件数,yoy_pct,-0.9,％,2025-06,False
2024-11,mansion,首都圏,在庫件数,yoy_pct,-2.9,％,2025-06,False
2024-12,mansion,首都圏,在庫件数,yoy_pct,-3.3,％,2025-06,False
2025-01,mansion,首都圏,在庫件数,yoy_pct,-4.2,％,2025-06,False
2025-02,mansion,首都圏,在庫件数,yoy_pct,-5.1,％,2025-06,False
2025-03,mansion,首都圏,在庫件数,yoy_pct,-5.2,％,2025-06,False
2025-04,mansion,首都圏,在庫件数,yoy_pct,-4.4,％,2025-06,False
2025-05,mansion,首都圏,在庫件数,yoy_pct,-2.8,％,2025-06,False
2025-06,mansion,首都圏,在庫件数,yoy_pct,-0.7,％,2025-06,False
2024-04,mansion,首都圏,在庫価格,mom_pct,-0.7,％,2025-04,False
2024-05,mansion,首都圏,在庫価格,mom_pct,0.5,％,2025-05,False
2024-06,mansion,首都圏,在庫価格,mom_pct,-0.3,％,2025-06,False
2024-07,mansion,首都圏,在庫価格,mom_pct,0.4,％,2025-06,False
2024-08,mansion,首都圏,在庫価格,mom_pct,2.9,％,2025-06,False
2024-09,mansion,首都圏,在庫価格,mom_pct,2.3,％,2025-06,False
2024-10,mansion,首都圏,在庫価格,mom_pct,3.0,％,2025-06,False
2024-11,mansion,首都圏,在庫価格,mom_pct,0.4,％,2025-06,False
2024-12,mansion,首都圏,在庫価格,mom_pct,0.8,％,2025-06,False
2025-01,mansion,首都圏,在庫価格,mom_pct,2.7,％,2025-06,False
2025-02,mansion,首都圏,在庫価格,mom_pct,2.7,％,2025-06,False
2025-03,mansion,首都圏,在庫価格,mom_pct,3.1,％,2025-06,False
2025-04,mansion,首都圏,在庫価格,mom_pct,2.8,％,2025-06,False
2025-05,mansion,首都圏,在庫価格,mom_pct,1.9,％,2025-06,False
2025-06,mansion,首都圏,在庫価格,mom_pct,2.3,％,2025-06,False
2024-04,mansion,首都圏,在庫価格,value,4054,万円,2025-04,False
2024-05,mansion,首都圏,在庫価格,value,4073,万円,2025-05,False
2024-06,mansion,首都圏,在庫価格,value,4062.0,万円,2025-06,False
2024-07,mansion,首都圏,在庫価格,value,4079.0,万円,2025-06,False
2024-08,mansion,首都圏,在庫価格,value,4197.0,万円,2025-06,False
2024-09,mansion,首都圏,在庫価格,value,4292.0,万円,2025-06,False
2024-10,mansion,首都圏,在庫価格,value,4421.0,万円,2025-06,False
2024-11,mansion,首都圏,在庫価格,value,4438.0,万円,2025-06,False
2024-12,mansion,首都圏,在庫価格,value,4473.0,万円,2025-06,False
2025-01,mansion,首都圏,在庫価格,value,4594.0,万円,2025-06,False
2025-02,mansion,首都圏,在庫価格,value,4718.0,万円,2025-06,False
2025-03,mansion,首都圏,在庫価格,value,4866.0,万円,2025-06,False
2025-04,mansion,首都圏,在庫価格,value,5002.0,万円,2025-06,False
2025-05,mansion,首都圏,在庫価格,value,5098.0,万円,2025-06,False
2025-06,mansion,首都圏,在庫価格,value,5217,万円,2025-06,False
2024-04,mansion,首都圏,在庫価格,yoy_pct,-1.6,％,2025-04,False
2024-05,mansion,首都圏,在庫価格,yoy_pct,-0.3,％,2025-05,False
2024-06,mansion,首都圏,在庫価格,yoy_pct,-0.7,％,2025-06,False
2024-07,mansion,首都圏,在庫価格,yoy_pct,-0.2,％,2025-06,False
2024-08,mansion,首都圏,在庫価格,yoy_pct,3.0,％,2025-06,False
2024-09,mansion,首都圏,在庫価格,yoy_pct,5.2,％,2025-06,False
2024-10,mansion,首都圏,在庫価格,yoy_pct,8.4,％,2025-06,False
2024-11,mansion,首都圏,在庫価格,yoy_pct,8.9,％,2025-06,False
2024-12,mansion,首都圏,在庫価格,yoy_pct,9.1,％,2025-06,False
2025-01,mansion,首都圏,在庫価格,yoy_pct,11.3,％,2025-06,False
2025-02,mansion,首都圏,在庫価格,yoy_pct,14.3,％,2025-06,False
2025-03,mansion,首都圏,在庫価格,yoy_pct,19.2,％,2025-06,False
2025-04,mansion,首都圏,在庫価格,yoy_pct,23.4,％,2025-06,False
2025-05,mansion,首都圏,在庫価格,yoy_pct,25.2,％,2025-06,False
2025-06,mansion,首都圏,在庫価格,yoy_pct,28.4,％,2025-06,False
2024-04,mansion,首都圏,在庫専有面積,mom_pct,-0.3,％,2025-04,False
2024-05,mansion,首都圏,在庫専有面積,mom_pct,0.4,％,2025-05,False
2024-06,mansion,首都圏,在庫専有面積,mom_pct,0.2,％,2025-06,False
2024-07,mansion,首都圏,在庫専有面積,mom_pct,-0.3,％,2025-06,False
2024-08,mansion,首都圏,在庫専有面積,mom_pct,0.6,％,2025-06,False
2024-09,mansion,首都圏,在庫専有面積,mom_pct,0.2,％,2025-06,False
2024-10,mansion,首都圏,在庫専有面積,mom_pct,0.3,％,2025-06,False
2024-11,mansion,首都圏,在庫専有面積,mom_pct,0.02,％,2025-06,False
2024-12,mansion,首都圏,在庫専有面積,mom_pct,0.1,％,2025-06,False
2025-01,mansion,首都圏,在庫専有面積,mom_pct,0.1,％,2025-06,False
2025-02,mansion,首都圏,在庫専有面積,mom_pct,-0.2,％,2025-06,False
2025-03,mansion,首都圏,在庫専有面積,mom_pct,0.2,％,2025-06,False
2025-04,mansion,首都圏,在庫専有面積,mom_pct,-0.03,％,2025-06,False
2025-05,mansion,首都圏,在庫専有面積,mom_pct,0.03,％,2025-06,False
2025-06,mansion,首都圏,在庫専有面積,mom_pct,0.3,％,2025-06,False
2024-04,mansion,首都圏,在庫専有面積,value,56.54,㎡,2025-04,False
2024-05,mansion,首都圏,在庫専有面積,value,56.75,㎡,2025-05,False
2024-06,mansion,首都圏,在庫専有面積,value,56.84,㎡,2025-06,False
2024-07,mansion,首都圏,在庫専有面積,value,56.7,㎡,2025-06,False
2024-08,mansion,首都圏,在庫専有面積,value,57.06,㎡,2025-06,False
2024-09,mansion,首都圏,在庫専有面積,value,57.17,㎡,2025-06,False
2024-10,mansion,首都圏,在庫専有面積,value,57.33,㎡,2025-06,False
2024-11,mansion,首都圏,在庫専有面積,value,57.34,㎡,2025-06,False
2024-12,mansion,首都圏,在庫専有面積,value,57.38,㎡,2025-06,False
2025-01,mansion,首都圏,在庫専有面積,value,57.45,㎡,2025-06,False
2025-02,mansion,首都圏,在庫専有面積,value,57.32,㎡,2025-06,False
2025-03,mansion,首都圏,在庫専有面積,value,57.41,㎡,2025-06,False
2025-04,mansion,首都圏,在庫専有面積,value,57.39,㎡,2025-06,False
2025-05,mansion,首都圏,在庫専有面積,value,57.41,㎡,2025-06,False
2025-06,mansion,首都圏,在庫専有面積,value,57.59,㎡,2025-06,False
2024-04,mansion,首都圏,在庫専有面積,yoy_pct,1.5,％,2025-04,False
2024-05,mansion,首都圏,在庫専有面積,yoy_pct,1.9,％,2025-05,False
2024-06,mansion,首都圏,在庫専有面積,yoy_pct,2.0,％,2025-06,False
2024-07,mansion,首都圏,在庫専有面積,yoy_pct,1.7,％,2025-06,False
2024-08,mansion,首都圏,在庫専有面積,yoy_pct,2.3,％,2025-06,False
2024-09,mansion,首都圏,在庫専有面積,yoy_pct,2.2,％,2025-06,False
2024-10,mansion,首都圏,在庫専有面積,yoy_pct,1.7,％,2025-06,False
2024-11,mansion,首都圏,在庫専有面積,yoy_pct,1.6,％,2025-06,False
2024-12,mansion,首都圏,在庫専有面積,yoy_pct,1.2,％,2025-06,False
2025-01,mansion,首都圏,在庫専有面積,yoy_pct,0.9,％,2025-06,False
2025-02,mansion,首都圏,在庫専有面積,yoy_pct,0.8,％,2025-06,False
2025-03,mansion,首都圏,在庫専有面積,yoy_pct,1.3,％,2025-06,False
2025-04,mansion,首都圏,在庫専有面積,yoy_pct,1.5,％,2025-06,False
2025-05,mansion,首都圏,在庫専有面積,yoy_pct,1.2,％,2025-06,False
2025-06,mansion,首都圏,在庫専有面積,yoy_pct,1.3,％,2025-06,False
2024-04,mansion,首都圏,在庫築年数,value,29.66,年,2025-04,False
2024-05,mansion,首都圏,在庫築年数,value,29.84,年,2025-05,False
2024-06,mansion,首都圏,在庫築年数,value,29.99,年,2025-06,False
2024-07,mansion,首都圏,在庫築年数,value,30.11,年,2025-06,False
2024-08,mansion,首都圏,在庫築年数,value,29.99,年,2025-06,False
2024-09,mansion,首都圏,在庫築年数,value,30.06,年,2025-06,False
2024-10,mansion,首都圏,在庫築年数,value,30.0,年,2025-06,False
2024-11,mansion,首都圏,在庫築年数,value,30.03,年,2025-06,False
2024-12,mansion,首都圏,在庫築年数,value,30.0,年,2025-06,False
2025-01,mansion,首都圏,在庫築年数,value,29.95,年,2025-06,False
2025-02,mansion,首都圏,在庫築年数,value,29.96,年,2025-06,False
2025-03,mansion,首都圏,在庫築年数,value,29.92,年,2025-06,False
2025-04,mansion,首都圏,在庫築年数,value,29.83,年,2025-06,False
2025-05,mansion,首都圏,在庫築年数,value,29.83,年,2025-06,False
2025-06,mansion,首都圏,在庫築年数,value,29.77,年,2025-06,False
2024-01,mansion,首都圏,成約㎡単価,mom_pct,1.5,％,2025-01,False
2024-02,mansion,首都圏,成約㎡単価,mom_pct,-0.6,％,2025-02,False
2024-03,mansion,首都圏,成約㎡単価,mom_pct,0.5,％,2025-03,False
2024-04,mansion,首都圏,成約㎡単価,mom_pct,2.9,％,2025-04,False
2024-05,mansion,首都圏,成約㎡単価,mom_pct,-2.3,％,2025-05,False
2024-06,mansion,首都圏,成約㎡単価,mom_pct,2.2,％,2025-06,False
2024-07,mansion,首都圏,成約㎡単価,mom_pct,1.3,％,2025-06,False
2024-08,mansion,首都圏,成約㎡単価,mom_pct,-5.3,％,2025-06,False
2024-09,mansion,首都圏,成約㎡単価,mom_pct,1.5,％,2025-06,False
2024-10,mansion,首都圏,成約㎡単価,mom_pct,-0.9,％,2025-06,False
2024-11,mansion,首都圏,成約㎡単価,mom_pct,5.7,％,2025-06,False
2024-12,mansion,首都圏,成約㎡単価,mom_pct,-1.7,％,2025-06,False
2025-01,mansion,首都圏,成約㎡単価,mom_pct,4.9,％,2025-06,False
2025-02,mansion,首都圏,成約㎡単価,mom_pct,-3.3,％,2025-06,False
2025-03,mansion,首都圏,成約㎡単価,mom_pct,-0.2,％,2025-06,False
2025-04,mansion,首都圏,成約㎡単価,mom_pct,2.7,％,2025-06,False
2025-05,mansion,首都圏,成約㎡単価,mom_pct,3.6,％,2025-06,False
2025-06,mansion,首都圏,成約㎡単価,mom_pct,-0.9,％,2025-06,False
2024-01,mansion,首都圏,成約㎡単価,value,75.98,万円/㎡,2025-01,False
2024-02,mansion,首都圏,成約㎡単価,value,75.52,万円/㎡,2025-02,False
2024-03,mansion,首都圏,成約㎡単価,value,75.88,万円/㎡,2025-03,False
2024-04,mansion,首都圏,成約㎡単価,value,78.08,万円/㎡,2025-04,False
2024-05,mansion,首都圏,成約㎡単価,value,76.3,万円/㎡,2025-05,False
2024-06,mansion,首都圏,成約㎡単価,value,77.95,万円/㎡,2025-06,False
2024-07,mansion,首都圏,成約㎡単価,value,78.97,万円/㎡,2025-06,False
2024-08,mansion,首都圏,成約㎡単価,value,74.77,万円/㎡,2025-06,False
2024-09,mansion,首都圏,成約㎡単価,value,75.86,万円/㎡,2025-06,False
2024-10,mansion,首都圏,成約㎡単価,value,75.16,万円/㎡,2025-06,False
2024-11,mansion,首都圏,成約㎡単価,value,79.41,万円/㎡,2025-06,False
2024-12,mansion,首都圏,成約㎡単価,value,78.05,万円/㎡,2025-06,False
2025-01,mansion,首都圏,成約㎡単価,value,81.88,万円/㎡,2025-06,False
2025-02,mansion,首都圏,成約㎡単価,value,79.14,万円/㎡,2025-06,False
2025-03,mansion,首都圏,成約㎡単価,value,79.01,万円/㎡,2025-06,False
2025-04,mansion,首都圏,成約㎡単価,value,81.11,万円/㎡,2025-06,False
2025-05,mansion,首都圏,成約㎡単価,value,84.06,万円/㎡,2025-06,False
2025-06,mansion,首都圏,成約㎡単価,value,83.34,万円/㎡,2025-06,False
2024-01,mansion,首都圏,成約㎡単価,yoy_pct,11.2,％,2025-01,False
2024-02,mansion,首都圏,成約㎡単価,yoy_pct,9.9,％,2025-02,False
2024-03,mansion,首都圏,成約㎡単価,yoy_pct,8.7,％,2025-03,False
2024-04,mansion,首都圏,成約㎡単価,yoy_pct,11.3,％,2025-04,False
2024-05,mansion,首都圏,成約㎡単価,yoy_pct,7.5,％,2025-05,False
2024-06,mansion,首都圏,成約㎡単価,yoy_pct,7.9,％,2025-06,False
2024-07,mansion,首都圏,成約㎡単価,yoy_pct,9.8,％,2025-06,False
2024-08,mansion,首都圏,成約㎡単価,yoy_pct,0.9,％,2025-06,False
2024-09,mansion,首都圏,成約㎡単価,yoy_pct,4.7,％,2025-06,False
2024-10,mansion,首都圏,成約㎡単価,yoy_pct,0.8,％,2025-06,False
2024-11,mansion,首都圏,成約㎡単価,yoy_pct,5.9,％,2025-06,False
2024-12,mansion,首都圏,成約㎡単価,yoy_pct,4.3,％,2025-06,False
2025-01,mansion,首都圏,成約㎡単価,yoy_pct,7.8,％,2025-06,False
2025-02,mansion,首都圏,成約㎡単価,yoy_pct,4.8,％,2025-06,False
2025-03,mansion,首都圏,成約㎡単価,yoy_pct,4.1,％,2025-06,False
2025-04,mansion,首都圏,成約㎡単価,yoy_pct,3.9,％,2025-06,False
2025-05,mansion,首都圏,成約㎡単価,yoy_pct,10.2,％,2025-06,False
2025-06,mansion,首都圏,成約㎡単価,yoy_pct,6.9,％,2025-06,False
2024-01,mansion,首都圏,成約件数,mom_pct,-7.8,％,2025-01,False
2024-02,mansion,首都圏,成約件数,mom_pct,23.6,％,2025-02,False
2024-03,mansion,首都圏,成約件数,mom_pct,13.7,％,2025-03,False
2024-04,mansion,首都圏,成約件数,mom_pct,-14.7,％,2025-03,False
2024-05,mansion,首都圏,成約件数,mom_pct,-12.5,％,2025-03,False
2024-06,mansion,首都圏,成約件数,mom_pct,14.6,％,2025-03,False
2024-07,mansion,首都圏,成約件数,mom_pct,-2.0,％,2025-03,False
2024-08,mansion,首都圏,成約件数,mom_pct,-28.0,％,2025-03,False
2024-09,mansion,首都圏,成約件数,mom_pct,32.5,％,2025-03,False
2024-10,mansion,首都圏,成約件数,mom_pct,1.5,％,2025-03,False
2024-11,mansion,首都圏,成約件数,mom_pct,3.7,％,2025-03,False
2024-12,mansion,首都圏,成約件数,mom_pct,-1.5,％,2025-03,False
2025-01,mansion,首都圏,成約件数,mom_pct,2.7,％,2025-03,False
2025-02,mansion,首都圏,成約件数,mom_pct,28.1,％,2025-03,False
2025-03,mansion,首都圏,成約件数,mom_pct,20.2,％,2025-03,False
2025-04,mansion,首都圏,成約件数,mom_pct,,％,2025-04,False
2025-05,mansion,首都圏,成約件数,mom_pct,,％,2025-05,False
2025-06,mansion,首都圏,成約件数,mom_pct,,％,2025-06,False
2024-01,mansion,首都圏,成約件数,value,2711,件,2025-01,False
2024-02,mansion,首都圏,成約件数,value,3350,件,2025-02,False
2024-03,mansion,首都圏,成約件数,value,3810,件,2025-03,False
2024-04,mansion,首都圏,成約件数,value,3251,件,2025-04,False
2024-05,mansion,首都圏,成約件数,value,2845,件,2025-05,False
2024-06,mansion,首都圏,成約件数,value,3259,件,2025-06,False
2024-07,mansion,首都圏,成約件数,value,3193,件,2025-06,False
2024-08,mansion,首都圏,成約件数,value,2299,件,2025-06,False
2024-09,mansion,首都圏,成約件数,value,3047,件,2025-06,False
2024-10,mansion,首都圏,成約件数,value,3092,件,2025-06,False
2024-11,mansion,首都圏,成約件数,value,3207,件,2025-06,False
2024-12,mansion,首都圏,成約件数,value,3158,件,2025-06,False
2025-01,mansion,首都圏,成約件数,value,3242,件,2025-06,False
2025-02,mansion,首都圏,成約件数,value,4152,件,2025-06,False
2025-03,mansion,首都圏,成約件数,value,4991,件,2025-06,False
2025-04,mansion,首都圏,成約件数,value,3950,件,2025-06,False
2025-05,mansion,首都圏,成約件数,value,3841,件,2025-06,False
2025-06,mansion,首都圏,成約件数,value,4299,件,2025-06,False
2024-01,mansion,首都圏,成約件数,yoy_pct,5.0,％,2025-01,False
2024-02,mansion,首都圏,成約件数,yoy_pct,3.4,％,2025-02,False
2024-03,mansion,首都圏,成約件数,yoy_pct,10.7,％,2025-03,False
2024-04,mansion,首都圏,成約件数,yoy_pct,10.1,％,2025-04,False
2024-05,mansion,首都圏,成約件数,yoy_pct,3.9,％,2025-05,False
2024-06,mansion,首都圏,成約件数,yoy_pct,4.8,％,2025-06,False
2024-07,mansion,首都圏,成約件数,yoy_pct,-1.3,％,2025-06,False
2024-08,mansion,首都圏,成約件数,yoy_pct,-2.9,％,2025-06,False
2024-09,mansion,首都圏,成約件数,yoy_pct,-4.5,％,2025-06,False
2024-10,mansion,首都圏,成約件数,yoy_pct,-5.9,％,2025-06,False
2024-11,mansion,首都圏,成約件数,yoy_pct,10.6,％,2025-06,False
2024-12,mansion,首都圏,成約件数,yoy_pct,7.4,％,2025-06,False
2025-01,mansion,首都圏,成約件数,yoy_pct,19.6,％,2025-06,False
2025-02,mansion,首都圏,成約件数,yoy_pct,23.9,％,2025-06,False
2025-03,mansion,首都圏,成約件数,yoy_pct,31.0,％,2025-06,False
2025-04,mansion,首都圏,成約件数,yoy_pct,21.5,％,2025-06,False
2025-05,mansion,首都圏,成約件数,yoy_pct,35.0,％,2025-06,False
2025-06,mansion,首都圏,成約件数,yoy_pct,31.9,％,2025-06,False
2024-04,mansion,首都圏,成約価格,mom_pct,4.1,％,2025-04,False
2024-05,mansion,首都圏,成約価格,mom_pct,-3.7,％,2025-05,False
2024-06,mansion,首都圏,成約価格,mom_pct,2.5,％,2025-06,False
2024-07,mansion,首都圏,成約価格,mom_pct,1.9,％,2025-06,False
2024-08,mansion,首都圏,成約価格,mom_pct,-7.9,％,2025-06,False
2024-09,mansion,首都圏,成約価格,mom_pct,4.5,％,2025-06,False
2024-10,mansion,首都圏,成約価格,mom_pct,-2.5,％,2025-06,False
2024-11,mansion,首都圏,成約価格,mom_pct,6.0,％,2025-06,False
2024-12,mansion,首都圏,成約価格,mom_pct,-1.7,％,2025-06,False
2025-01,mansion,首都圏,成約価格,mom_pct,4.3,％,2025-06,False
2025-02,mansion,首都圏,成約価格,mom_pct,-3.1,％,2025-06,False
2025-03,mansion,首都圏,成約価格,mom_pct,-0.8,％,2025-06,False
2025-04,mansion,首都圏,成約価格,mom_pct,2.1,％,2025-06,False
2025-05,mansion,首都圏,成約価格,mom_pct,5.2,％,2025-06,False
2025-06,mansion,首都圏,成約価格,mom_pct,-1.9,％,2025-06,False
2024-04,mansion,首都圏,成約価格,value,5018,万円,2025-04,False
2024-05,mansion,首都圏,成約価格,value,4834,万円,2025-05,False
2024-06,mansion,首都圏,成約価格,value,4956.0,万円,2025-06,False
2024-07,mansion,首都圏,成約価格,value,5049.0,万円,2025-06,False
2024-08,mansion,首都圏,成約価格,value,4651.0,万円,2025-06,False
2024-09,mansion,首都圏,成約価格,value,4861.0,万円,2025-06,False
2024-10,mansion,首都圏,成約価格,value,4739.0,万円,2025-06,False
2024-11,mansion,首都圏,成約価格,value,5022.0,万円,2025-06,False
2024-12,mansion,首都圏,成約価格,value,4935.0,万円,2025-06,False
2025-01,mansion,首都圏,成約価格,value,5147.0,万円,2025-06,False
2025-02,mansion,首都圏,成約価格,value,4985.0,万円,2025-06,False
2025-03,mansion,首都圏,成約価格,value,4945.0,万円,2025-06,False
2025-04,mansion,首都圏,成約価格,value,5047.0,万円,2025-06,False
2025-05,mansion,首都圏,成約価格,value,5311.0,万円,2025-06,False
2025-06,mansion,首都圏,成約価格,value,5209,万円,2025-06,False
2024-04,mansion,首都圏,成約価格,yoy_pct,11.9,％,2025-04,False
2024-05,mansion,首都圏,成約価格,yoy_pct,5.8,％,2025-05,False
2024-06,mansion,首都圏,成約価格,yoy_pct,7.5,％,2025-06,False
2024-07,mansion,首都圏,成約価格,yoy_pct,10.7,％,2025-06,False
2024-08,mansion,首都圏,成約価格,yoy_pct,-1.1,％,2025-06,False
2024-09,mansion,首都圏,成約価格,yoy_pct,5.3,％,2025-06,False
2024-10,mansion,首都圏,成約価格,yoy_pct,-0.5,％,2025-06,False
2024-11,mansion,首都圏,成約価格,yoy_pct,6.1,％,2025-06,False
2024-12,mansion,首都圏,成約価格,yoy_pct,3.2,％,2025-06,False
2025-01,mansion,首都圏,成約価格,yoy_pct,5.9,％,2025-06,False
2025-02,mansion,首都圏,成約価格,yoy_pct,2.6,％,2025-06,False
2025-03,mansion,首都圏,成約価格,yoy_pct,2.6,％,2025-06,False
2025-04,mansion,首都圏,成約価格,yoy_pct,0.6,％,2025-06,False
2025-05,mansion,首都圏,成約価格,yoy_pct,9.9,％,2025-06,False
2025-06,mansion,首都圏,成約価格,yoy_pct,5.1,％,2025-06,False
2024-04,mansion,首都圏,成約専有面積,mom_pct,1.2,％,2025-04,False
2024-05,mansion,首都圏,成約専有面積,mom_pct,-1.4,％,2025-05,False
2024-06,mansion,首都圏,成約専有面積,mom_pct,0.3,％,2025-06,False
2024-07,mansion,首都圏,成約専有面積,mom_pct,0.6,％,2025-06,False
2024-08,mansion,首都圏,成約専有面積,mom_pct,-2.7,％,2025-06,False
2024-09,mansion,首都圏,成約専有面積,mom_pct,3.0,％,2025-06,False
2024-10,mansion,首都圏,成約専有面積,mom_pct,-1.6,％,2025-06,False
2024-11,mansion,首都圏,成約専有面積,mom_pct,0.3,％,2025-06,False
2024-12,mansion,首都圏,成約専有面積,mom_pct,-0.02,％,2025-06,False
2025-01,mansion,首都圏,成約専有面積,mom_pct,-0.6,％,2025-06,False
2025-02,mansion,首都圏,成約専有面積,mom_pct,0.2,％,2025-06,False
2025-03,mansion,首都圏,成約専有面積,mom_pct,-0.6,％,2025-06,False
2025-04,mansion,首都圏,成約専有面積,mom_pct,-0.6,％,2025-04,False
2025-04,mansion,首都圏,成約専有面積,mom_pct,-0.6,％,2025-06,False
2025-05,mansion,首都圏,成約専有面積,mom_pct,1.5,％,2025-05,False
2025-05,mansion,首都圏,成約専有面積,mom_pct,1.5,％,2025-06,False
2025-06,mansion,首都圏,成約専有面積,mom_pct,-1.1,％,2025-06,False
2025-06,mansion,首都圏,成約専有面積,mom_pct,-1.1,％,2025-06,False
2024-04,mansion,首都圏,成約専有面積,value,64.27,㎡,2025-04,False
2024-05,mansion,首都圏,成約専有面積,value,63.35,㎡,2025-05,False
2024-06,mansion,首都圏,成約専有面積,value,63.57,㎡,2025-06,False
2024-07,mansion,首都圏,成約専有面積,value,63.94,㎡,2025-06,False
2024-08,mansion,首都圏,成約専有面積,value,62.21,㎡,2025-06,False
2024-09,mansion,首都圏,成約専有面積,value,64.09,㎡,2025-06,False
2024-10,mansion,首都圏,成約専有面積,value,63.05,㎡,2025-06,False
2024-11,mansion,首都圏,成約専有面積,value,63.24,㎡,2025-06,False
2024-12,mansion,首都圏,成約専有面積,value,63.23,㎡,2025-06,False
2025-01,mansion,首都圏,成約専有面積,value,62.86,㎡,2025-01,False
2025-01,mansion,首都圏,成約専有面積,value,62.86,㎡,2025-06,False
2025-02,mansion,首都圏,成約専有面積,value,62.99,㎡,2025-02,False
2025-02,mansion,首都圏,成約専有面積,value,62.99,㎡,2025-06,False
2025-03,mansion,首都圏,成約専有面積,value,62.58,㎡,2025-03,False
2025-03,mansion,首都圏,成約専有面積,value,62.58,㎡,2025-06,False
2025-04,mansion,首都圏,成約専有面積,value,62.22,㎡,2025-04,False
2025-04,mansion,首都圏,成約専有面積,value,62.22,㎡,2025-06,False
2025-05,mansion,首都圏,成約専有面積,value,63.18,㎡,2025-05,False
2025-05,mansion,首都圏,成約専有面積,value,63.18,㎡,2025-06,False
2025-06,mansion,首都圏,成約専有面積,value,62.5,㎡,2025-06,False
2025-06,mansion,首都圏,成約専有面積,value,62.5,㎡,2025-06,False
2024-04,mansion,首都圏,成約専有面積,yoy_pct,0.6,％,2025-04,False
2024-05,mansion,首都圏,成約専有面積,yoy_pct,-1.6,％,2025-05,False
2024-06,mansion,首都圏,成約専有面積,yoy_pct,-0.3,％,2025-06,False
2024-07,mansion,首都圏,成約専有面積,yoy_pct,0.8,％,2025-06,False
2024-08,mansion,首都圏,成約専有面積,yoy_pct,-2.0,％,2025-06,False
2024-09,mansion,首都圏,成約専有面積,yoy_pct,0.5,％,2025-06,False
2024-10,mansion,首都圏,成約専有面積,yoy_pct,-1.3,％,2025-06,False
2024-11,mansion,首都圏,成約専有面積,yoy_pct,0.2,％,2025-06,False
2024-12,mansion,首都圏,成約専有面積,yoy_pct,-1.1,％,2025-06,False
2025-01,mansion,首都圏,成約専有面積,yoy_pct,-1.7,％,2025-01,False
2025-01,mansion,首都圏,成約専有面積,yoy_pct,-1.7,％,2025-06,False
2025-02,mansion,首都圏,成約専有面積,yoy_pct,-2.1,％,2025-02,False
2025-02,mansion,首都圏,成約専有面積,yoy_pct,-2.1,％,2025-06,False
2025-03,mansion,首都圏,成約専有面積,yoy_pct,-1.5,％,2025-03,False
2025-03,mansion,首都圏,成約専有面積,yoy_pct,-1.5,％,2025-06,False
2025-04,mansion,首都圏,成約専有面積,yoy_pct,-3.2,％,2025-04,False
2025-04,mansion,首都圏,成約専有面積,yoy_pct,-3.2,％,2025-06,False
2025-05,mansion,首都圏,成約専有面積,yoy_pct,-0.3,％,2025-05,False
2025-05,mansion,首都圏,成約専有面積,yoy_pct,-0.3,％,2025-06,False
2025-06,mansion,首都圏,成約専有面積,yoy_pct,-1.7,％,2025-06,False
2025-06,mansion,首都圏,成約専有面積,yoy_pct,-1.7,％,2025-06,False
2024-01,mansion,首都圏,成約築年数,value,23.53,年,2025-01,False
2024-02,mansion,首都圏,成約築年数,value,23.2,年,2025-02,False
2024-03,mansion,首都圏,成約築年数,value,23.95,年,2025-03,False
2024-04,mansion,首都圏,成約築年数,value,24.12,年,2025-04,False
2024-04,mansion,首都圏,成約築年数,value,24.12,年,2025-04,False
2024-05,mansion,首都圏,成約築年数,value,24.41,年,2025-05,False
2024-05,mansion,首都圏,成約築年数,value,24.41,年,2025-05,False
2024-06,mansion,首都圏,成約築年数,value,24.36,年,2025-06,False
2024-06,mansion,首都圏,成約築年数,value,24.36,年,2025-06,False
2024-07,mansion,首都圏,成約築年数,value,24.54,年,2025-06,False
2024-08,mansion,首都圏,成約築年数,value,25.84,年,2025-06,False
2024-09,mansion,首都圏,成約築年数,value,24.87,年,2025-06,False
2024-10,mansion,首都圏,成約築年数,value,25.37,年,2025-06,False
2024-11,mansion,首都圏,成約築年数,value,25.22,年,2025-06,False
2024-12,mansion,首都圏,成約築年数,value,25.37,年,2025-06,False
2025-01,mansion,首都圏,成約築年数,value,25.73,年,2025-06,False
2025-01,mansion,首都圏,成約築年数,value,25.73,年,2025-01,False
2025-02,mansion,首都圏,成約築年数,value,26.04,年,2025-06,False
2025-02,mansion,首都圏,成約築年数,value,26.04,年,2025-02,False
2025-03,mansion,首都圏,成約築年数,value,26.58,年,2025-06,False
2025-03,mansion,首都圏,成約築年数,value,26.58,年,2025-04,False
2025-04,mansion,首都圏,成約築年数,value,26.45,年,2025-06,False
2025-04,mansion,首都圏,成約築年数,value,26.45,年,2025-05,False
2025-05,mansion,首都圏,成約築年数,value,26.71,年,2025-06,False
2025-05,mansion,首都圏,成約築年数,value,26.71,年,2025-06,False
2025-06,mansion,首都圏,成約築年数,value,26.96,年,2025-06,False
2025-06,mansion,首都圏,成約築年数,value,26.96,年,2025-06,False
2024-01,mansion,首都圏,新規登録㎡単価,mom_pct,-0.4,％,2025-01,False
2024-02,mansion,首都圏,新規登録㎡単価,mom_pct,0.4,％,2025-02,False
2024-03,mansion,首都圏,新規登録㎡単価,mom_pct,-0.6,％,2025-03,False
2024-04,mansion,首都圏,新規登録㎡単価,mom_pct,-0.2,％,2025-04,False
2024-05,mansion,首都圏,新規登録㎡単価,mom_pct,1.3,％,2025-05,False
2024-06,mansion,首都圏,新規登録㎡単価,mom_pct,0.2,％,2025-06,False
2024-07,mansion,首都圏,新規登録㎡単価,mom_pct,2.0,％,2025-06,False
2024-08,mansion,首都圏,新規登録㎡単価,mom_pct,4.2,％,2025-06,False
2024-09,mansion,首都圏,新規登録㎡単価,mom_pct,-0.9,％,2025-06,False
2024-10,mansion,首都圏,新規登録㎡単価,mom_pct,3.2,％,2025-06,False
2024-11,mansion,首都圏,新規登録㎡単価,mom_pct,-0.5,％,2025-06,False
2024-12,mansion,首都圏,新規登録㎡単価,mom_pct,2.3,％,2025-06,False
2025-01,mansion,首都圏,新規登録㎡単価,mom_pct,3.2,％,2025-06,False
2025-02,mansion,首都圏,新規登録㎡単価,mom_pct,2.7,％,2025-06,False
2025-03,mansion,首都圏,新規登録㎡単価,mom_pct,2.8,％,2025-06,False
2025-04,mansion,首都圏,新規登録㎡単価,mom_pct,2.7,％,2025-06,False
2025-05,mansion,首都圏,新規登録㎡単価,mom_pct,-0.6,％,2025-06,False
2025-06,mansion,首都圏,新規登録㎡単価,mom_pct,2.8,％,2025-06,False
2024-01,mansion,首都圏,新規登録㎡単価,value,73.93,万円/㎡,2025-01,False
2024-02,mansion,首都圏,新規登録㎡単価,value,74.23,万円/㎡,2025-02,False
2024-03,mansion,首都圏,新規登録㎡単価,value,73.81,万円/㎡,2025-03,False
2024-04,mansion,首都圏,新規登録㎡単価,value,73.7,万円/㎡,2025-04,False
2024-05,mansion,首都圏,新規登録㎡単価,value,74.64,万円/㎡,2025-05,False
2024-06,mansion,首都圏,新規登録㎡単価,value,74.76,万円/㎡,2025-06,False
2024-07,mansion,首都圏,新規登録㎡単価,value,76.29,万円/㎡,2025-06,False
2024-08,mansion,首都圏,新規登録㎡単価,value,79.51,万円/㎡,2025-06,False
2024-09,mansion,首都圏,新規登録㎡単価,value,78.81,万円/㎡,2025-06,False
2024-10,mansion,首都圏,新規登録㎡単価,value,81.31,万円/㎡,2025-06,False
2024-11,mansion,首都圏,新規登録㎡単価,value,80.91,万円/㎡,2025-06,False
2024-12,mansion,首都圏,新規登録㎡単価,value,82.73,万円/㎡,2025-06,False
2025-01,mansion,首都圏,新規登録㎡単価,value,85.38,万円/㎡,2025-06,False
2025-02,mansion,首都圏,新規登録㎡単価,value,87.71,万円/㎡,2025-06,False
2025-03,mansion,首都圏,新規登録㎡単価,value,90.21,万円/㎡,2025-06,False
2025-04,mansion,首都圏,新規登録㎡単価,value,92.61,万円/㎡,2025-06,False
2025-05,mansion,首都圏,新規登録㎡単価,value,92.1,万円/㎡,2025-06,False
2025-06,mansion,首都圏,新規登録㎡単価,value,94.7,万円/㎡,2025-06,False
2024-01,mansion,首都圏,新規登録㎡単価,yoy_pct,-0.5,％,2025-01,False
2024-02,mansion,首都圏,新規登録㎡単価,yoy_pct,0.2,％,2025-02,False
2024-03,mansion,首都圏,新規登録㎡単価,yoy_pct,2.0,％,2025-03,False
2024-04,mansion,首都圏,新規登録㎡単価,yoy_pct,-0.1,％,2025-04,False
2024-05,mansion,首都圏,新規登録㎡単価,yoy_pct,3.8,％,2025-05,False
2024-06,mansion,首都圏,新規登録㎡単価,yoy_pct,2.9,％,2025-06,False
2024-07,mansion,首都圏,新規登録㎡単価,yoy_pct,6.5,％,2025-06,False
2024-08,mansion,首都圏,新規登録㎡単価,yoy_pct,10.8,％,2025-06,False
2024-09,mansion,首都圏,新規登録㎡単価,yoy_pct,8.3,％,2025-06,False
2024-10,mansion,首都圏,新規登録㎡単価,yoy_pct,12.7,％,2025-06,False
2024-11,mansion,首都圏,新規登録㎡単価,yoy_pct,11.4,％,2025-06,False
2024-12,mansion,首都圏,新規登録㎡単価,yoy_pct,11.5,％,2025-06,False
2025-01,mansion,首都圏,新規登録㎡単価,yoy_pct,15.5,％,2025-06,False
2025-02,mansion,首都圏,新規登録㎡単価,yoy_pct,18.2,％,2025-06,False
2025-03,mansion,首都圏,新規登録㎡単価,yoy_pct,22.2,％,2025-06,False
2025-04,mansion,首都圏,新規登録㎡単価,yoy_pct,25.7,％,2025-06,False
2025-05,mansion,首都圏,新規登録㎡単価,yoy_pct,23.4,％,2025-06,False
2025-06,mansion,首都圏,新規登録㎡単価,yoy_pct,26.7,％,2025-06,False
2024-01,mansion,首都圏,新規登録件数,mom_pct,12.1,％,2025-01,False
2024-02,mansion,首都圏,新規登録件数,mom_pct,1.2,％,2025-02,False
2024-03,mansion,首都圏,新規登録件数,mom_pct,0.7,％,2025-03,False
2024-04,mansion,首都圏,新規登録件数,mom_pct,0.3,％,2025-03,False
2024-05,mansion,首都圏,新規登録件数,mom_pct,-10.7,％,2025-03,False
2024-06,mansion,首都圏,新規登録件数,mom_pct,5.0,％,2025-03,False
2024-07,mansion,首都圏,新規登録件数,mom_pct,-1.2,％,2025-03,False
2024-08,mansion,首都圏,新規登録件数,mom_pct,-7.0,％,2025-03,False
2024-09,mansion,首都圏,新規登録件数,mom_pct,11.1,％,2025-03,False
2024-10,mansion,首都圏,新規登録件数,mom_pct,3.1,％,2025-03,False
2024-11,mansion,首都圏,新規登録件数,mom_pct,-7.1,％,2025-03,False
2024-12,mansion,首都圏,新規登録件数,mom_pct,-7.7,％,2025-03,False
2025-01,mansion,首都圏,新規登録件数,mom_pct,8.0,％,2025-03,False
2025-02,mansion,首都圏,新規登録件数,mom_pct,0.3,％,2025-03,False
2025-03,mansion,首都圏,新規登録件数,mom_pct,8.6,％,2025-03,False
2024-01,mansion,首都圏,新規登録件数,value,16526,件,2025-01,False
2024-02,mansion,首都圏,新規登録件数,value,16730,件,2025-02,False
2024-03,mansion,首都圏,新規登録件数,value,16846,件,2025-03,False
2024-04,mansion,首都圏,新規登録件数,value,16902,件,2025-04,False
2024-05,mansion,首都圏,新規登録件数,value,15088,件,2025-05,False
2024-06,mansion,首都圏,新規登録件数,value,15845,件,2025-06,False
2024-07,mansion,首都圏,新規登録件数,value,15661,件,2025-06,False
2024-08,mansion,首都圏,新規登録件数,value,14572,件,2025-06,False
2024-09,mansion,首都圏,新規登録件数,value,16195,件,2025-06,False
2024-10,mansion,首都圏,新規登録件数,value,16698,件,2025-06,False
2024-11,mansion,首都圏,新規登録件数,value,15506,件,2025-06,False
2024-12,mansion,首都圏,新規登録件数,value,14311,件,2025-06,False
2025-01,mansion,首都圏,新規登録件数,value,15459,件,2025-06,False
2025-02,mansion,首都圏,新規登録件数,value,15507,件,2025-06,False
2025-03,mansion,首都圏,新規登録件数,value,16844,件,2025-06,False
2025-04,mansion,首都圏,新規登録件数,value,15885,件,2025-06,False
2025-05,mansion,首都圏,新規登録件数,value,15636,件,2025-06,False
2025-06,mansion,首都圏,新規登録件数,value,16001,件,2025-06,False
2024-01,mansion,首都圏,新規登録件数,yoy_pct,-0.4,％,2025-01,False
2024-02,mansion,首都圏,新規登録件数,yoy_pct,2.4,％,2025-02,False
2024-03,mansion,首都圏,新規登録件数,yoy_pct,-2.2,％,2025-03,False
2024-04,mansion,首都圏,新規登録件数,yoy_pct,-2.1,％,2025-04,False
2024-05,mansion,首都圏,新規登録件数,yoy_pct,-3.3,％,2025-05,False
2024-06,mansion,首都圏,新規登録件数,yoy_pct,-4.4,％,2025-06,False
2024-07,mansion,首都圏,新規登録件数,yoy_pct,-8.6,％,2025-06,False
2024-08,mansion,首都圏,新規登録件数,yoy_pct,-0.9,％,2025-06,False
2024-09,mansion,首都圏,新規登録件数,yoy_pct,-4.8,％,2025-06,False
2024-10,mansion,首都圏,新規登録件数,yoy_pct,-2.0,％,2025-06,False
2024-11,mansion,首都圏,新規登録件数,yoy_pct,-4.8,％,2025-06,False
2024-12,mansion,首都圏,新規登録件数,yoy_pct,-2.9,％,2025-06,False
2025-01,mansion,首都圏,新規登録件数,yoy_pct,-6.5,％,2025-06,False
2025-02,mansion,首都圏,新規登録件数,yoy_pct,-7.3,％,2025-06,False
2025-03,mansion,首都圏,新規登録件数,yoy_pct,-0.01,％,2025-06,False
2025-04,mansion,首都圏,新規登録件数,yoy_pct,-6.0,％,2025-06,False
2025-05,mansion,首都圏,新規登録件数,yoy_pct,3.6,％,2025-06,False
2025-06,mansion,首都圏,新規登録件数,yoy_pct,1.0,％,2025-06,False
2024-04,mansion,首都圏,新規登録価格,mom_pct,-1.1,％,2025-04,False
2024-05,mansion,首都圏,新規登録価格,mom_pct,2.0,％,2025-05,False
2024-06,mansion,首都圏,新規登録価格,mom_pct,0.4,％,2025-06,False
2024-07,mansion,首都圏,新規登録価格,mom_pct,0.8,％,2025-06,False
2024-08,mansion,首都圏,新規登録価格,mom_pct,5.7,％,2025-06,False
2024-09,mansion,首都圏,新規登録価格,mom_pct,-0.3,％,2025-06,False
2024-10,mansion,首都圏,新規登録価格,mom_pct,3.1,％,2025-06,False
2024-11,mansion,首都圏,新規登録価格,mom_pct,-0.6,％,2025-06,False
2024-12,mansion,首都圏,新規登録価格,mom_pct,2.3,％,2025-06,False
2025-01,mansion,首都圏,新規登録価格,mom_pct,3.1,％,2025-06,False
2025-02,mansion,首都圏,新規登録価格,mom_pct,2.2,％,2025-06,False
2025-03,mansion,首都圏,新規登録価格,mom_pct,3.8,％,2025-06,False
2025-04,mansion,首都圏,新規登録価格,mom_pct,1.9,％,2025-06,False
2025-05,mansion,首都圏,新規登録価格,mom_pct,-0.5,％,2025-06,False
2025-06,mansion,首都圏,新規登録価格,mom_pct,3.5,％,2025-06,False
2024-04,mansion,首都圏,新規登録価格,value,4194,万円,2025-04,False
2024-05,mansion,首都圏,新規登録価格,value,4278,万円,2025-05,False
2024-06,mansion,首都圏,新規登録価格,value,4294.0,万円,2025-06,False
2024-07,mansion,首都圏,新規登録価格,value,4328.0,万円,2025-06,False
2024-08,mansion,首都圏,新規登録価格,value,4576.0,万円,2025-06,False
2024-09,mansion,首都圏,新規登録価格,value,4560.0,万円,2025-06,False
2024-10,mansion,首都圏,新規登録価格,value,4703.0,万円,2025-06,False
2024-11,mansion,首都圏,新規登録価格,value,4674.0,万円,2025-06,False
2024-12,mansion,首都圏,新規登録価格,value,4781.0,万円,2025-06,False
2025-01,mansion,首都圏,新規登録価格,value,4929.0,万円,2025-06,False
2025-02,mansion,首都圏,新規登録価格,value,5037.0,万円,2025-06,False
2025-03,mansion,首都圏,新規登録価格,value,5230.0,万円,2025-06,False
2025-04,mansion,首都圏,新規登録価格,value,5330.0,万円,2025-06,False
2025-05,mansion,首都圏,新規登録価格,value,5302.0,万円,2025-06,False
2025-06,mansion,首都圏,新規登録価格,value,5486.0,万円,2025-06,False
2024-04,mansion,首都圏,新規登録価格,yoy_pct,-0.2,％,2025-04,False
2024-05,mansion,首都圏,新規登録価格,yoy_pct,6.0,％,2025-05,False
2024-06,mansion,首都圏,新規登録価格,yoy_pct,4.7,％,2025-06,False
2024-07,mansion,首都圏,新規登録価格,yoy_pct,6.7,％,2025-06,False
2024-08,mansion,首都圏,新規登録価格,yoy_pct,13.8,％,2025-06,False
2024-09,mansion,首都圏,新規登録価格,yoy_pct,10.0,％,2025-06,False
2024-10,mansion,首都圏,新規登録価格,yoy_pct,13.2,％,2025-06,False
2024-11,mansion,首都圏,新規登録価格,yoy_pct,12.9,％,2025-06,False
2024-12,mansion,首都圏,新規登録価格,yoy_pct,11.6,％,2025-06,False
2025-01,mansion,首都圏,新規登録価格,yoy_pct,15.9,％,2025-06,False
2025-02,mansion,首都圏,新規登録価格,yoy_pct,18.7,％,2025-06,False
2025-03,mansion,首都圏,新規登録価格,yoy_pct,23.3,％,2025-06,False
2025-04,mansion,首都圏,新規登録価格,yoy_pct,27.1,％,2025-06,False
2025-05,mansion,首都圏,新規登録価格,yoy_pct,23.9,％,2025-06,False
2025-06,mansion,首都圏,新規登録価格,yoy_pct,27.8,％,2025-06,False
2024-04,mansion,首都圏,新規登録専有面積,mom_pct,-1.0,％,2025-04,False
2024-05,mansion,首都圏,新規登録専有面積,mom_pct,0.7,％,2025-05,False
2024-06,mansion,首都圏,新規登録専有面積,mom_pct,0.2,％,2025-06,False
2024-07,mansion,首都圏,新規登録専有面積,mom_pct,-1.2,％,2025-06,False
2024-08,mansion,首都圏,新規登録専有面積,mom_pct,1.5,％,2025-06,False
2024-09,mansion,首都圏,新規登録専有面積,mom_pct,0.5,％,2025-06,False
2024-10,mansion,首都圏,新規登録専有面積,mom_pct,-0.03,％,2025-06,False
2024-11,mansion,首都圏,新規登録専有面積,mom_pct,-0.1,％,2025-06,False
2024-12,mansion,首都圏,新規登録専有面積,mom_pct,0.03,％,2025-06,False
2025-01,mansion,首都圏,新規登録専有面積,mom_pct,-0.1,％,2025-06,False
2025-02,mansion,首都圏,新規登録専有面積,mom_pct,-0.5,％,2025-06,False
2025-03,mansion,首都圏,新規登録専有面積,mom_pct,1.0,％,2025-06,False
2025-04,mansion,首都圏,新規登録専有面積,mom_pct,-0.7,％,2025-06,False
2025-05,mansion,首都圏,新規登録専有面積,mom_pct,0.03,％,2025-06,False
2025-06,mansion,首都圏,新規登録専有面積,mom_pct,0.6,％,2025-06,False
2024-04,mansion,首都圏,新規登録専有面積,value,56.9,㎡,2025-04,False
2024-05,mansion,首都圏,新規登録専有面積,value,57.32,㎡,2025-05,False
2024-06,mansion,首都圏,新規登録専有面積,value,57.43,㎡,2025-06,False
2024-07,mansion,首都圏,新規登録専有面積,value,56.73,㎡,2025-06,False
2024-08,mansion,首都圏,新規登録専有面積,value,57.56,㎡,2025-06,False
2024-09,mansion,首都圏,新規登録専有面積,value,57.86,㎡,2025-06,False
2024-10,mansion,首都圏,新規登録専有面積,value,57.84,㎡,2025-06,False
2024-11,mansion,首都圏,新規登録専有面積,value,57.77,㎡,2025-06,False
2024-12,mansion,首都圏,新規登録専有面積,value,57.79,㎡,2025-06,False
2025-01,mansion,首都圏,新規登録専有面積,value,57.73,㎡,2025-06,False
2025-02,mansion,首都圏,新規登録専有面積,value,57.43,㎡,2025-06,False
2025-03,mansion,首都圏,新規登録専有面積,value,57.98,㎡,2025-06,False
2025-04,mansion,首都圏,新規登録専有面積,value,57.55,㎡,2025-06,False
2025-05,mansion,首都圏,新規登録専有面積,value,57.57,㎡,2025-06,False
2025-06,mansion,首都圏,新規登録専有面積,value,57.92,㎡,2025-06,False
2024-04,mansion,首都圏,新規登録専有面積,yoy_pct,-0.1,％,2025-04,False
2024-05,mansion,首都圏,新規登録専有面積,yoy_pct,2.2,％,2025-05,False
2024-06,mansion,首都圏,新規登録専有面積,yoy_pct,1.8,％,2025-06,False
2024-07,mansion,首都圏,新規登録専有面積,yoy_pct,0.2,％,2025-06,False
2024-08,mansion,首都圏,新規登録専有面積,yoy_pct,2.8,％,2025-06,False
2024-09,mansion,首都圏,新規登録専有面積,yoy_pct,1.6,％,2025-06,False
2024-10,mansion,首都圏,新規登録専有面積,yoy_pct,0.5,％,2025-06,False
2024-11,mansion,首都圏,新規登録専有面積,yoy_pct,1.3,％,2025-06,False
2024-12,mansion,首都圏,新規登録専有面積,yoy_pct,0.1,％,2025-06,False
2025-01,mansion,首都圏,新規登録専有面積,yoy_pct,0.3,％,2025-06,False
2025-02,mansion,首都圏,新規登録専有面積,yoy_pct,0.5,％,2025-06,False
2025-03,mansion,首都圏,新規登録専有面積,yoy_pct,0.9,％,2025-06,False
2025-04,mansion,首都圏,新規登録専有面積,yoy_pct,1.1,％,2025-06,False
2025-05,mansion,首都圏,新規登録専有面積,yoy_pct,0.4,％,2025-06,False
2025-06,mansion,首都圏,新規登録専有面積,yoy_pct,0.9,％,2025-06,False
2024-04,mansion,首都圏,新規登録築年数,value,30.16,年,2025-04,False
2024-05,mansion,首都圏,新規登録築年数,value,30.38,年,2025-05,False
2024-06,mansion,首都圏,新規登録築年数,value,30.28,年,2025-06,False
2024-07,mansion,首都圏,新規登録築年数,value,30.5,年,2025-06,False
2024-08,mansion,首都圏,新規登録築年数,value,30.3,年,2025-06,False
2024-09,mansion,首都圏,新規登録築年数,value,30.45,年,2025-06,False
2024-10,mansion,首都圏,新規登録築年数,value,30.17,年,2025-06,False
2024-11,mansion,首都圏,新規登録築年数,value,30.29,年,2025-06,False
2024-12,mansion,首都圏,新規登録築年数,value,30.17,年,2025-06,False
2025-01,mansion,首都圏,新規登録築年数,value,30.21,年,2025-06,False
2025-02,mansion,首都圏,新規登録築年数,value,30.02,年,2025-06,False
2025-03,mansion,首都圏,新規登録築年数,value,29.77,年,2025-06,False
2025-04,mansion,首都圏,新規登録築年数,value,30.09,年,2025-06,False
2025-05,mansion,首都圏,新規登録築年数,value,30.33,年,2025-06,False
2025-06,mansion,首都圏,新規登録築年数,value,29.91,年,2025-06,False
